id,seq,label
O14907,MSYIPGQPVTAVVQRVEIHKLRQGENLILGFSIGGGIDQDPSQNPFSEDKTDKGIYVTRVSEGGPAEIAGLQIGDKIMQVNGWDMTMVTHDQARKRLTKRSEEVVRLLVTRQSLQKAVQQSMLS,0000000000000000000100000000000000000000000000000000000000000000000000000000000000000000010000000000000000000000000000000000
O15118,MTARGLALGLLLLLLCPAQVFSQSCVWYGECGIAYGDKRYNCEYSGPPKPLPKDGYDLVQELCPGFFFGNVSLCCDVRQLQTLKDNLQLPLQFLSRCPSCFYNLLNLFCELTCSPRQSQFLNVTATEDYVDPVTNQTKTNVKELQYYVGQSFANAMYNACRDVEAPSSNDKALGLLCGKDADACNATNWIEYMFNKDNGQAPFTITPVFSDFPVHGMEPMNNATKGCDESVDEVTAPCSCQDCSIVCGPKPQPPPPPAPWTILGLDAMYVIMWITYMAFLLVFFGAFFAVWCYRKRYFVSEYTPIDSNIAFSVNASDKGEASCCDPVSAAFEGCLRRLFTRWGSFCVRNPGCVIFFSLVFITACSSGLVFVRVTTNPVDLWSAPSSQARLEKEYFDQHFGPFFRTEQLIIRAPLTDKHIYQPYPSGADVPFGPPLDIQILHQVLDLQIAIENITASYDNETVTLQDICLAPLSPYNTNCTILSVLNYFQNSHSVLDHKKGDDFFVYADYHTHFLYCVRAPASLNDTSLLHDPCLGTFGGPVFPWLVLGGYDDQNYNNATALVITFPVNNYYNDTEKLQRAQAWEKEFINFVKNYKNPNLTISFTAERSIEDELNRESDSDVFTVVISYAIMFLYISLALGHMKSCRRLLVDSKVSLGIAGILIVLSSVACSLGVFSYIGLPLTLIVIEVIPFLVLAVGVDNIFILVQAYQRDERLQGETLDQQLGRVLGEVAPSMFLSSFSETVAFFLGALSVMPAVHTFSLFAGLAVFIDFLLQITCFVSLLGLDIKRQEKNRLDIFCCVRGAEDGTSVQASESCLFRFFKNSYSPLLLKDWMRPIVIAIFVGVLSFSIAVLNKVDIGLDQSLSMPDDSYMVDYFKSISQYLHAGPPVYFVLEEGHDYTSSKGQNMVCGGMGCNNDSLVQQIFNAAQLDNYTRIGFAPSSWIDDYFDWVKPQSSCCRVDNITDQFCNASVVDPACVRCRPLTPEGKQRPQGGDFMRFLPMFLSDNPNPKCGKGGHAAYSSAVNILLGHGTRVGATYFMTYHTVLQTSADFIDALKKARLIASNVTETMGINGSAYRVFPYSVFYVFYEQYLTIIDDTIFNLGVSLGAIFLVTMVLLGCELWSAVIMCATIAMVLVNMFGVMWLWGISLNAVSLVNLVMSCGISVEFCSHITRAFTVSMKGSRVERAEEALAHMGSSVFSGITLTKFGGIVVLAFAKSQIFQIFYFRMYLAMVLLGATHGLIFLPVLLSYIGPSVNKAKSCATEERYKGTERERLLNF,000000000000000000000000000000000000000000000000000000000000000000000000000000000000000000000000000000000000000000000000000000000000000000000000000000000000000000000000000000000000000000000000000000000000000000000000000000000000000000000000000000000000000000000000000000000000000000000000000000000000000000000000000000000000000000000000000000000000000000000000000000000000000000000000000000000000000000000000000000000000000000000000000000000000000000000000000000000000000000000000000000000000000000000011010000000000000000000000000000000000000000000000000000000000000000000000000000000000000000000000000000000000000000000000000000000000000000000000000000000000000000000000000000000000000000000000000000000000000000000000000000000000000000000000000000000000000000000000000000000000000000000000000000000000000000000000000000000000000000000000000000000000000000000000000000000000000000000000000000000000000000000000000000000000000000000000000000000000000000000000000000000000000000000000000000000000000000000000000000000000000000000000000000000000000000000000000000000000000000000000000000000000000000000000000000000000000000000000000000000000000000000000000000000000000000000000000000000000000000000000000000000000000000000000000000000000000000000000000000000000000000000000000000
O15350,MAQSTATSPDGGTTFEHLWSSLEPDSTYFDLPQSSRGNNEVVGGTDSSMDVFHLEGMTTSVMAQFNLLSSTMDQMSSRAASASPYTPEHAASVPTHSPYAQPSSTFDTMSPAPVIPSNTDYPGPHHFEVTFQQSSTAKSATWTYSPLLKKLYCQIAKTCPIQIKVSTPPPPGTAIRAMPVYKKAEHVTDVVKRCPNHELGRDFNEGQSAPASHLIRVEGNNLSQYVDDPVTGRQSVVVPYEPPQVGTEFTTILYNFMCNSSCVGGMNRRPILIIITLEMRDGQVLGRRSFEGRICACPGRDRKADEDHYREQQALNESSAKNGAASKRAFKQSPPAVPALGAGVKKRRHGDEDTYYLQVRGRENFEILMKLKESLELMELVPQPLVDSYRQQQQLLQRPSHLQPPSYGPVLSPMNKVHGGMNKLPSVNQLVGQPPPHSSAATPNLGPVGPGMLNNHGHAVPANGEMSSSHSAQSMVSGSHCTPPPPYHADPSLVSFLTGLGCPNCIEYFTSQGLQSIYHLQNLTIEDLGALKIPEQYRMTIWRGLQDLKQGHDYSTAQQLLRSSNAATISIGGSGELQRQRVMEAVHFRVRHTITIPNRGGPGGGPDEWADFGFDLPDCKARKQPIKEEFTEAEIH,000000000000000000000000000000000000000000000000000000000000000000000000000000000000000000000000000000000000000000000000000000000000000000000000000000000000000000000000000000000000000000000000000000000000000000000000000000000000000000000000000000000000000000000000000000000000000000000000000000000000000000000000000000000000000000000000000000000000000000000000000000000000000000000000000000000000000000000000000000000000000000000000000000000000000000000000000000000000000000000000000000100000000000000000000000000000000000000000000000000000000000000000000000000000000000000000000000000000000000000000000000000000000000000000000000000000
O43189,MAQPPRLSRSGASSLWDPASPAPTSGPRPRLWEGQDVLARWTDGLLYLGTIKKVDSAREVCLVQFEDDSQFLVLWKDISPAALPGEELLCCVCRSETVVPGNRLVSCEKCRHAYHQDCHVPRAPAPGEGEGTSWVCRQCVFAIATKRGGALKKGPYARAMLGMKLSLPYGLKGLDWDAGHLSNRQQSYCYCGGPGEWNLKMLQCRSCLQWFHEACTQCLSKPLLYGDRFYEFECCVCRGGPEKVRRLQLRWVDVAHLVLYHLSVCCKKKYFDFDREILPFTSENWDSLLLGELSDTPKGERSSRLLSALNSHKDRFISGREIKKRKCLFGLHARMPPPVEPPTGDGALTSFPSGQGPGGGVSRPLGKRRRPEPEPLRRRQKGKVEELGPPSAVRNQPEPQEQRERAHLQRALQASVSPPSPSPNQSYQGSSGYNFRPTDARCLPSSPIRMFASFHPSASTAGTSGDSGPPDRSPLELHIGFPTDIPKSAPHSMTASSSSVSSPSPGLPRRSAPPSPLCRSLSPGTGGGVRGGVGYLSRGDPVRVLARRVRPDGSVQYLVEWGGGGIF,000000000000000000000000000000000000000010000010000000000000000010000010000000000000000000000000000000000000000000000000000000000000000000000000000000000000000000000000000000000000000000000000000000000000000000000000000000000000000000000000000000000000000000000000000000000000000000000000000000000000000000000000000000000000000000000000000000000000000000000000000000000000000000000000000000000000000000000000000000000000000000000000000000000000000000000000000000000000000000000000000000000000000000000000000000000000000000000000000000000000000000000000000000000000000
O43791,MSRVPSPPPPAEMSSGPVAESWCYTQIKVVKFSYMWTINNFSFCREEMGEVIKSSTFSSGANDKLKWCLRVNPKGLDEESKDYLSLYLLLVSCPKSEVRAKFKFSILNAKGEETKAMESQRAYRFVQGKDWGFKKFIRRDFLLDEANGLLPDDKLTLFCEVSVVQDSVNISGQNTMNMVKVPECRLADELGGLWENSRFTDCCLCVAGQEFQAHKAILAARSPVFSAMFEHEMEESKKNRVEINDVEPEVFKEMMCFIYTGKAPNLDKMADDLLAAADKYALERLKVMCEDALCSNLSVENAAEILILADLHSADQLKTQAVDFINYHASDVLETSGWKSMVVSHPHLVAEAYRSLASAQCPFLGPPRKRLKQS,00000000000000000000000000000000000000000000000000000000000000000000000000000000000000000000000000000000000000000000000000000000001000000000000000000000000000000000000000000000000000000000000000000000000000000000000000000000000000000000000000000000000000000000000000000000000000000000000000000000000000000000000000000000000000000000000000000000000000000000000000000000000000
O60493,MAETVADTRRLITKPQNLNDAYGPPSNFLEIDVSNPQTVGVGRGRFTTYEIRVKTNLPIFKLKESTVRRRYSDFEWLRSELERESKVVVPPLPGKAFLRQLPFRGDDGIFDDNFIEERKQGLEQFINKVAGHPLAQNERCLHMFLQDEIIDKSYTPSKIRHA,000000000000000000000100000000000000000000000000000000000000000000000000000000000000000000000000000000000000000000000000000000000000000000000000000000000000000100
O60885,MSAESGPGTRLRNLPVMGDGLETSQMSTTQAQAQPQPANAASTNPPPPETSNPNKPKRQTNQLQYLLRVVLKTLWKHQFAWPFQQPVDAVKLNLPDYYKIIKTPMDMGTIKKRLENNYYWNAQECIQDFNTMFTNCYIYNKPGDDIVLMAEALEKLFLQKINELPTEETEIMIVQAKGRGRGRKETGTAKPGVSTVPNTTQASTPPQTQTPQPNPPPVQATPHPFPAVTPDLIVQTPVMTVVPPQPLQTPPPVPPQPQPPPAPAPQPVQSHPPIIAATPQPVKTKKGVKRKADTTTPTTIDPIHEPPSLPPEPKTTKLGQRRESSRPVKPPKKDVPDSQQHPAPEKSSKVSEQLKCCSGILKEMFAKKHAAYAWPFYKPVDVEALGLHDYCDIIKHPMDMSTIKSKLEAREYRDAQEFGADVRLMFSNCYKYNPPDHEVVAMARKLQDVFEMRFAKMPDEPEEPVVAVSSPAVPPPTKVVAPPSSSDSSSDSSSDSDSSTDDSEEERAQRLAELQEQLKAVHEQLAALSQPQQNKPKKKEKDKKEKKKEKHKRKEEVEENKKSKAKEPPPKKTKKNNSSNSNVSKKEPAPMKSKPPPTYESEEEDKCKPMSYEEKRQLSLDINKLPGEKLGRVVHIIQSREPSLKNSNPDEIEIDFETLKPSTLRELERYVTSCLRKKRKPQAEKVDVIAGSSKMKGFSSSESESSSESSSSDSEDSETEMAPKSKKKGHPGREQKKHHHHHHQQMQQAPAPVPQQPPPPPQQPPPPPPPQQQQQPPPPPPPPSMPQQAAPAMKSSPPPFIATQVPVLEPQLPGSVFDPIGHFTQPILHLPQPELPPHLPQPPEHSTPPHLNQHAVVSPPALHNALPQQPSRPSNRAAALPPKPARPPAVSPALTQTPLLPQPPMAQPPQVLLEDEEPPAPPLTSMQMQLYLQQLQKVQPPTPLLPSVKVQSQPPPPLPPPPHPSVQQQLQQQPPPPPPPQPQPPPQQQHQPPPRPVHLQPMQFSTHIQQPPPPQGQQPPHPPPGQQPPPPQPAKPQQVIQHHHSPRHHKSDPYSTGHLREAPSPLMIHSPQMSQFQSLTHQSPPQQNVQPKKQELRAASVVQPQPLVVVKEEKIHSPIIRSEPFSPSLRPEPPKHPESIKAPVHLPQRPEMKPVDVGRPVIRPPEQNAPPPGAPDKDKQKQEPKTPVAPKKDLKIKNMGSWASLVQKHPTTPSSTAKSSSDSFEQFRRAAREKEEREKALKAQAEHAEKEKERLRQERMRSREDEDALEQARRAHEEARRRQEQQQQQRQEQQQQQQQQAAAVAAAATPQAQSSQPQSMLDQQRELARKREQERRRREAMAATIDMNFQSDLLSIFEENLF,000000000000000000000000000000000000000000000000000000000000000000000000000000000000000000000000000000000000000000000000000000000000000000000000000000000000000000000000000000000000000000000000000000000000000000000000000000000000000000000000000000000000000000000000000000000000000000000000000000000000000000000000000000000000000000000000000000000000000000000000000000000000000000000000000000000000000000000000000000000000000000000000100000000000000000000000000000000000000000000000000000000000000000000000000000000000000000000000000000000000000000000000000000000000000000000000000000000000000000000000000000000000000000000000000000000000000000000000000000000000000000000000000000000000000000000000000000000000000000000000000000000000000000000000000000000000000000000000000000000000000000000000000000000000000000000000000000000000000000000000000000000000000000000000000000000000000000000000000000000000000000000000000000000000000000000000000000000000000000000000000000000000000000000000000000000000000000000000000000000000000000000000000000000000000000000000000000000000000000000000000000000000000000000000000000000000000000000000000000000000000000000000000000000000000000000000000000000000000000000000000000000000000000000000000000000000000000000000000000000000000000000000000000000000000000000000000000000000000000000000000000000000000000000000000000000000000000
O75475,MTRDFKPGDLIFAKMKGYPHWPARVDEVPDGAVKPPTNKLPIFFFGTHETAFLGPKDIFPYSENKEKYGKPNKRKGFNEGLWEIDNNPKVKFSSQQAATKQSNASSDVEVEEKETSVSKEDTDHEEKASNEDVTKAVDITTPKAARRGRKRKAEKQVETEEAGVVTTATASVNLKVSPKRGRPAATEVKIPKPRGRPKMVKQPCPSESDIITEEDKSKKKGQEEKQPKKQPKKDEEGQKEEDKPRKEPDKKEGKKEVESKRKNLAKTGVTSTSDSEEEGDDQEGEKKRKGGRNFQTAHRRNMLKGQHEKEAADRKRKQEEQMETEQQNKDEGKKPEVKKVEKKRETSMDSRLQRIHAEIKNSLKIDNLDVNRCIEALDELASLQVTMQQAQKHTEMITTLKKIRRFKVSQVIMEKSTMLYNKFKNMFLVGEGDSVITQVLNKSLAEQRQHEEANKTKDQGKKGPNKKLEKEQTGSKTLNGGSDAQDGNQPQHNGESNEDSKDNHEASTKKKPSSEERETEISLKDSTLDN,00000000000000000000000000000000000000000000000000000000000000000000000000000000000000000000000000000000000000000000000000000000000000000000000000000000000000000000000000000000000000000000000000000000000000000000000000000000000000000000000000000000000000000000000000000000000000000000000000000000000000000000000000000000000000000000000000000000000000000000000000001100000000000000000000000000000000000000010000000000000000000000000000000000000000000000000000000000000000000000000000000000000000000000000000000000000000000000000000
O75530,MSEREVSTAPAGTDMPAAKKQKLSSDENSNPDLSGDENDDAVSIESGTNTERPDTPTNTPNAPGRKSWGKGKWKSKKCKYSFKCVNSLKEDHNQPLFGVQFNWHSKEGDPLVFATVGSNRVTLYECHSQGEIRLLQSYVDADADENFYTCAWTYDSNTSHPLLAVAGSRGIIRIINPITMQCIKHYVGHGNAINELKFHPRDPNLLLSVSKDHALRLWNIQTDTLVAIFGGVEGHRDEVLSADYDLLGEKIMSCGMDHSLKLWRINSKRMMNAIKESYDYNPNKTNRPFISQKIHFPDFSTRDIHRNYVDCVRWLGDLILSKSCENAIVCWKPGKMEDDIDKIKPSESNVTILGRFDYSQCDIWYMRFSMDFWQKMLALGNQVGKLYVWDLEVEDPHKAKCTTLTHHKCGAAIRQTSFSRDSSILIAVCDDASIWRWDRLR,000000000000000000000000000000000000000000000000000000000000000000000000000000000000000000000000100000000000000000000000000000000000000000000000000100000000000000000000000000000000000000000000000000000000000000000000000000000000000000000000000000000000000000000000000000000000000000000000000000000000000000000000000000000000000000000000000000000000000000000000000110000000000000000000000000000000000000000000000000000000000000000000000000000
O75554,MADYWKSQPKKFCDYCKCWIADNRPSVEFHERGKNHKENVAKRISEIKQKSLDKAKEEEKASKEFAAMEAAALKAYQEDLKRLGLESEILEPSITPVTSTIPPTSTSNQQKEKKEKKKRKKDPSKGRWVEGITSEGYHYYYDLISGASQWEKPEGFQGDLKKTAVKTVWVEGLSEDGFTYYYNTETGESRWEKPDDFIPHTSDLPSSKVNENSLGTLDESKSSDSHSDSDGEQEAEEGGVSTETEKPKIKFKEKNKNSDGGSDPETQKEKSIQKQNSLGSNEEKSKTLKKSNPYGEWQEIKQEVESHEEVDLELPSTENEYVSTSEADGGGEPKVVFKEKTVTSLGVMADGVAPVFKKRRTENGKSRNLRQRGDDQ,0000000000000000000000000000000000000000000000000000000000000000000000000000000000000000000000000000000000000000000000000000000000000000000000000000010000000000000000000000000000000000000000100000000000000000000000000000000000000000000000000000000000000000000000000000000000000000000000000000000000000000000000000000000000000000000000000000000000000000000000000000000000000000
O75832,MEGCVSNLMVCNLAYSGKLEELKESILADKSLATRTDQDSRTALHWACSAGHTEIVEFLLQLGVPVNDKDDAGWSPLHIAASAGRDEIVKALLGKGAQVNAVNQNGCTPLHYAASKNRHEIAVMLLEGGANPDAKDHYEATAMHRAAAKGNLKMIHILLYYKASTNIQDTEGNTPLHLACDEERVEEAKLLVSQGASIYIENKEEKTPLQVAKGGLGLILKRMVEG,0000000000000000000000000000000000000000000000000000000000000000000000000000000000000000000000000000000000000000000000000000000000000000000000000000000000000000000000000000000000000100000000000000000000000000000000000000000000
O76064,MGEPGFFVTGDRAGGRSWCLRRVGMSAGWLLLEDGCEVTVGRGFGVTYQLVSKICPLMISRNHCVLKQNPEGQWTIMDNKSLNGVWLNRARLEPLRVYSIHQGDYIQLGVPLENKENAEYEYEVTEEDWETIYPCLSPKNDQMIEKNKELRTKRKFSLDELAGPGAEGPSNLKSKINKVSCESGQPVKSQGKGEVASTPSDNLDPKLTALEPSKTTGAPIYPGFPKVTEVHHEQKASNSSASQRSLQMFKVTMSRILRLKIQMQEKHEAVMNVKKQTQKGNSKKVVQMEQELQDLQSQLCAEQAQQQARVEQLEKTFQEEEQHLQGLEIAQGEKDLKQQLAQALQEHWALMEELNRSKKDFEAIIQAKNKELEQTKEEKEKMQAQKEEVLSHMNDVLENELQCIICSEYFIEAVTLNCAHSFCSYCINEWMKRKIECPICRKDIKSKTYSLVLDNCINKMVNNLSSEVKERRIVLIRERKAKRLF,00000000000000000000000000000000000000000100000000000000000000000000000000000000000000000000000000000000000000000000000000000000000000000000000000000000000000000000000000000000000000000000000000000000000000000000000000000000000000000000000000000000000000000000000000000000000000000000000000000000000000000000000000000000000000000000000000000000000000000000000000000000000000000000000000000000000000000000000000000000000000000000000000000000000000000000000000000000000000000000000000000
O88838,MGQTALARGSSSTPTSQALYSDFSPPEGLEELLSAPPPDLVAQRHHGWNPKDCSENIDVKEGGLCFERRPVAQSTDGVRGKRGYSRGLHAWEISWPLEQRGTHAVVGVATALAPLQADHYAALLGSNSESWGWDIGRGKLYHQSKGLEAPQYPAGPQGEQLVVPERLLVVLDMEEGTLGYSIGGTYLGPAFRGLKGRTLYPSVSAVWGQCQVRIRYMGERRVEEPQSLLHLSRLCVRHALGDTRLGQISTLPLPPAMKRYLLYK,000000000000000000000000000000000000000000000000000000000000000000000000000000000000000000000000000000000000000000000001000000000000000000000000000000000000000000000000000000000000000000000000000000000000011000000000000000000000000000000000000000000000000000000000
O95429,MSALRRSGYGPSDGPSYGRYYGPGGGDVPVHPPPPLYPLRPEPPQPPISWRVRGGGPAETTWLGEGGGGDGYYPSGGAWPEPGRAGGSHQEQPPYPSYNSNYWNSTARSRAPYPSTYPVRPELQGQSLNSYTNGAYGPTYPPGPGANTASYSGAYYAPGYTQTSYSTEVPSTYRSSGNSPTPVSRWIYPQQDCQTEAPPLRGQVPGYPPSQNPGMTLPHYPYGDGNRSVPQSGPTVRPQEDAWASPGAYGMGGRYPWPSSAPSAPPGNLYMTESTSPWPSSGSPQSPPSPPVQQPKDSSYPYSQSDQSMNRHNFPCSVHQYESSGTVNNDDSDLLDSQVQYSAEPQLYGNATSDHPNNQDQSSSLPEECVPSDESTPPSIKKIIHVLEKVQYLEQEVEEFVGKKTDKAYWLLEEMLTKELLELDSVETGGQDSVRQARKEAVCKIQAILEKLEKKGL,0000000000000000000000000000000000000000000000000000000000000000000000000000000000000000000000000000000000000000000000000000000000000000000000000000000000000000000000000000000000000000000000000000000000000000000000000000000000000000000000000000000000000000000000000000000000000000000000000000000000000000000000000000000000000000000000000000000000000000000000000000000000000000000000000000000000000000000000000000000000000001000000000000000000000100000000000
P00648,MMKMEGIALKKRLSWISVCLLVLVSAAGMLFSTAAKTETSSHKAHTEAQVINTFDGVADYLQTYHKLPDNYITKSEAQALGWVASKGNLADVAPGKSIGGDIFSNREGKLPGKSGRTWREADINYTSGFRNSDRILYSSDWLIYKTTDHYQTFTKIR,0000000000000000000000000000000000000000000000000000000000000000000000000100000000000000000000000000000011000000000000010000000000000100000000000000100000000
P00974,MKMSRLCLSVALLVLLGTLAASTPGCDTSNQAKAQRPDFCLEPPYTGPCKARIIRYFYNAKAGLCQTFVYGGCRAKRNNFKSAEDCMRTCGGAIGPWENL,0000000000000000000000000000000000000000000001110001111000000000000111110100000010000000000000000000
P01033,MAPFEPLASGILLLLWLIAPSRACTCVPPHPQTAFCNSDLVIRAKFVGTPEVNQTTLYQRYEIKMTKMYKGFQALGDAADIRFVYTPAMESVCGYFHRSHNRSEEFLIAGKLQDGLLHITTCSFVAPWNSLSLAQRRGFTKTYTVGCEECTVFPCLSIPCKLQSGTHCLWTDQLLQGSEKGFQSRHLACLPREPGLCTWQSLRSQIA,000000000000000000000000100000000000000000000000000000000000100000000000000000000000000000100000000000000000000000000000000000000000000000000000000000000000000000000000000000000000000000000000000000000000000
P01050,VVYTDCTESGQNLCLCEGSNVCGQGNKCILGSDGEKNQCVTGEGTPKPQSHNDGDFEEIPEEYLQ,00100000000000100000000000000000000000000000000000000000000000000
P01236,MNIKGSPWKGSLLLLLVSNLLLCQSVAPLPICPGGAARCQVTLRDLFDRAVVLSHYIHNLSSEMFSEFDKRYTHGRGFITKAINSCHTSSLATPEDKEQAQQMNQKDFLSLIVSILRSWNEPLYHLVTEVRGMQEAPEAILSKAVEIEEQTKRLLEGMELIVSQVHPETKENEIYPVWSGLPSLQMADEESRLSAYYNLLHCLRRDSHKIDNYLKLLKCRIIHNNNC,00000000000000000000000000000000000000000000000000000000000000000000000000000000000000000000000000000000000000000000000000000000000000000000000000000000000000000000000000000000000000000000000000000000000000010000000000000000000
P01391,IRCFITPDITSKDCPNGHVCYTKTWCDAFCSIRGKRVDLGCAATCPTVKTGVDIQCCSTDNCNPFPTRKRP,00000000000000000000000000001000000000000000000000000000000000000000000
P01563,MALTFALLVALLVLSCKSSCSVGCDLPQTHSLGSRRTLMLLAQMRRISLFSCLKDRHDFGFPQEEFGNQFQKAETIPVLHEMIQQIFNLFSTKDSSAAWDETLLDKFYTELYQQLNDLEACVIQGVGVTETPLMKEDSILAVRKYFQRITLYLKEKKYSPCAWEVVRAEIMRSFSLSTNLQESLRSKE,00000000000000000000000000000000000001000000000000001001000000000000000000000000000000000000000000000000000000000000000000000000000000000000000000000000000000000000001000110000000000000000
P02640,MVELSKKVTGKLDKTTPGIQIWRIENMEMVPVPTKSYGNFYEGDCYVLLSTRKTGSGFSYNIHYWLGKNSSQDEQGAAAIYTTQMDEYLGSVAVQHREVQGHESETFRAYFKQGLIYKQGGVASGMKHVETNTYNVQRLLHVKGKKNVVAAEVEMSWKSFNLGDVFLLDLGQLIIQWNGPESNRAERLRAMTLAKDIRDRERAGRAKVGVVEGENEAASPELMQALTHVLGEKKNIKAATPDEQVHQALNSALKLYHVSDASGNLVIQEVAIRPLTQDMLQHEDCYILDQAGLKIFVWKGKNANKEEKQQAMSRALGFIKAKNYLASTSVETENDGSESAVFRQLFQKWTVPNQTSGLGKTHTVGKVAKVEQVKFDATTMHVKPEVAAQQKMVDDGSGEAEVWRVENQELVPVEKRWLGHFYGGDCYLVLYTYYVGPKVNRIIYIWQGRHASTDELAASAYQAVFLDQKYNNEPVQVRVTMGKEPAHLMAIFKGKMVVYENGSSRAGGTEPASSTRLFHVHGTNEYNTKAFEVPVRAASLNSNDVFVLKTPSSCYLWYGKGCSGDEREMGKMVADIISKTEKPVVAEGQEPPEFWVALGGKTSYANSKRLQEENPSVPPRLFECSNKTGRFLATEIVDFTQDDLDENDVYLLDTWDQIFFWIGKGANESEKEAAAETAQEYLRSHPGSRDLDTPIIVVKQGFEPPTFTGWFMAWDPLCWSDRKSYDELKAELGDNASIGQLVSGLTSKNEVFTATTTLVPTKLETFPLDVLVNTAAEDLPRGVDPSRKENHLSDEDFKAVFGMTRSAFANLPLWKQQNLKKEKGLF,0000000000000000000000000000000000000000000000000000000000000000000000000000000000000000000000000000000000000000000000000000000000000000000000000000000000000000000000000000000000000000000000000000000000000000000000000000000000000000000000000000000000000000000000000000000000000000000000000000000000000000000000000000000000000000000000000000000000000000000000000000000000000000000000000000000000000000000000000000000000000000000000000000000000000000000000000000000000000000000000000000000000000000000000000000000000000000000000000000000000000000000000000000000000000000000000000000000000000000000000000000000000000000000000000000000000000000000000000000000000000000000000000000000000000000000000000000000000000000000000000000000000000000000000000000000000000000000000000000000000000000000000000000000000000000000001000000000000
P03709,MTKDELIARLRSLGEQLNRDVSLTGTKEELALRVAELKEELDDTDETAGQDTPLSRENVLTGHENEVGSAQPDTVILDTSELVTVVALVKLHTDALHATRDEPVAFVLPGTAFRVSAGVAAEMTERGLARMQ,000000000000000000000000000000000000000000000000000000000000000000000000000000000000000000010000000000000000000000000000000000000000
P03950,MVMGLGVLLLVFVLGLGLTPPTLAQDNSRYTHFLTQHYDAKPQGRDDRYCESIMRRRGLTSPCKDINTFIHGNKRSIKAICENKNGNPHRENLRISKSSFQVTTCKLHGGSPWPPCQYRATAGFRNVVVACENGLPVHLDQSIFRRP,000000000000000000000000000010000000000000000000000000000000000000000000000000000000000000000000000000000000000000000000000000000000000000000000000
P04049,MEHIQGAWKTISNGFGFKDAVFDGSSCISPTIVQQFGYQRRASDDGKLTDPSKTSNTIRVFLPNKQRTVVNVRNGMSLHDCLMKALKVRGLQPECCAVFRLLHEHKGKKARLDWNTDAASLIGEELQVDFLDHVPLTTHNFARKTFLKLAFCDICQKFLLNGFRCQTCGYKFHEHCSTKVPTMCVDWSNIRQLLLFPNSTIGDSGVPALPSLTMRRMRESVSRMPVSSQHRYSTPHAFTFNTSSPSSEGSLSQRQRSTSTPNVHMVSTTLPVDSRMIEDAIRSHSESASPSALSSSPNNLSPTGWSQPKTPVPAQRERAPVSGTQEKNKIRPRGQRDSSYYWEIEASEVMLSTRIGSGSFGTVYKGKWHGDVAVKILKVVDPTPEQFQAFRNEVAVLRKTRHVNILLFMGYMTKDNLAIVTQWCEGSSLYKHLHVQETKFQMFQLIDIARQTAQGMDYLHAKNIIHRDMKSNNIFLHEGLTVKIGDFGLATVKSRWSGSQQVEQPTGSVLWMAPEVIRMQDNNPFSFQSDVYSYGIVLYELMTGELPYSHINNRDQIIFMVGRGYASPDLSKLYKNCPKAMKRLVADCVKKVKEERPLFPQILSSIELLQHSLPKINRSASEPSLHRAAHTEDINACTLTTSPRLPVF,000000000000000000000000000000000000000000000000000000000010000000100000000000000001000000000000000000000000000000000000000000000000000000000000000000000000000000000000000000000000000000000000000000000000000000000000000000000000000000000000000000000000000000000000000000000000000000000000000000000000000000000000000000000000000000000000000000000000000000000000000000000000000000000000000000000000000000000000000000000000000000000000000000000000000000000000000000000000000000000000000000000000000000000000000000000000000000000000000000000000000000000000000000000000000000000000000000000000000000000000000000000000000000000000000000000000000000000000
P05112,MGLTSQLLPPLFFLLACAGNFVHGHKCDITLQEIIKTLNSLTEQKTLCTELTVTDIFAASKNTTEKETFCRAATVLRQFYSHHEKDTRCLGATAQQFHRHKQLIRFLKRLDRNLWGLAGLNSCPVKEANQSTLENFLERLKTIMREKYSKCSS,000000000000000000000000000000001000000000000000000000000000000000000000000000000000000000000000000000000000000100000000000000000000000000000000001100000
P05161,MGWDLTVKMLAGNEFQVSLSSSMSVSELKAQITQKIGVHAFQQRLAVHPSGVALQDRVPLASQGLGPGSTVLLVVDKCDEPLSILVRNNKGRSSTYEVRLTQTVAHLKQQVSGLEGVQDDLFWLTFEGKPLEDQLPLGEYGLKPLSTVFMNLRLRGGGTEPGGRS,000000000000000000000000000000000000000000000000000000000000000000000000000000000000000000000000001010100000000000000000000000000000000000000000000000000000000000000
P06730,MATVEPETTPTPNPPTTEEEKTESNQEVANPEHYIKHPLQNRWALWFFKNDKSKTWQANLRLISKFDTVEDFWALYNHIQLSSNLMPGCDYSLFKDGIEPMWEDEKNKRGGRWLITLNKQQRRSDLDRFWLETLLCLIGESFDDYSDDVCGAVVNVRAKGDKIAIWTTECENREAVTHIGRVYKERLGLPPKIVIGYQSHADTATKSGSTTKNRFVV,0000000000000000000000000000000000000000000000000000000000000000000000001000000000000000000000000000000000000000000000000000000000000000000000000000000000000000000000000000000000000000000000000000000000000000000000000
P07363,MSMDISDFYQTFFDEADELLADMEQHLLVLQPEAPDAEQLNAIFRAAHSIKGGAGTFGFSVLQETTHLMENLLDEARRGEMQLNTDIINLFLETKDIMQEQLDAYKQSQEPDAASFDYICQALRQLALEAKGETPSAVTRLSVVAKSEPQDEQSRSQSPRRIILSRLKAGEVDLLEEELGHLTTLTDVVKGADSLSAILPGDIAEDDITAVLCFVIEADQITFETVEVSPKISTPPVLKLAAEQAPTGRVEREKTTRSNESTSIRVAVEKVDQLINLVGELVITQSMLAQRSSELDPVNHGDLITSMGQLQRNARDLQESVMSIRMMPMEYVFSRYPRLVRDLAGKLGKQVELTLVGSSTELDKSLIERIIDPLTHLVRNSLDHGIELPEKRLAAGKNSVGNLILSAEHQGGNICIEVTDDGAGLNRERILAKAASQGLTVSENMSDDEVAMLIFAPGFSTAEQVTDVSGRGVGMDVVKRNIQKMGGHVEIQSKQGTGTTIRILLPLTLAILDGMSVRVADEVFILPLNAVMESLQPREADLHPLAGGERVLEVRGEYLPIVELWKVFNVAGAKTEATQGIVVILQSGGRRYALLVDQLIGQHQVVVKNLESNYRKVPGISAATILGDGSVALIVDVSALQAINREQRMANTAA,000000000000000000000000000000000000000000000000000000000000000000000000000000000000000000000000000000000000000000000000000000000000000000000000000000000000000000000000000000000000000000000000000000000000000000000100000000000000000000000000000000000000000000000000000000000000000000000000000000000000000000000000000000000000000000000000000000000000000000000000000000000000000000000000000000000000000000000000000000000000000000000000000000000000000000000000000000000000000000000000000000000000000000000000000000000000000000000000000000000000000000000000000000000000000000000000000000000000000000000000000000000000000000000000000000000000000000000000000000
P09038,MVGVGGGDVEDVTPRPGGCQISGRGARGCNGIPGAAAWEAALPRRRPRRHPSVNPRSRAAGSPRTRGRRTEERPSGSRLGDRGRGRALPGGRLGGRGRGRAPERVGGRGRGRGTAAPRAAPAARGSRPGPAGTMAAGSITTLPALPEDGGSGAFPPGHFKDPKRLYCKNGGFFLRIHPDGRVDGVREKSDPHIKLQLQAEERGVVSIKGVCANRYLAMKEDGRLLASKCVTDECFFFERLESNNYNTYRSRKYTSWYVALKRTGQYKLGSKTGPGQKAILFLPMSAKS,000000000000000000000000000000000000000000000000000000000000000000000000000000000000000000000000000000000000000000000000000000000000000000000000000000000000000000000100000000000000000000000000000000000000000000000000000000000000000000000100000010000000000000000000000000000000000001000000
P0AAM3,MCIGVPGQIRTIDGNQAKVDVCGIQRDVDLTLVGSCDENGQPRVGQWVLVHVGFAMSVINEAEARDTLDALQNMFDVEPDVGALLYGEEK,010000000000000000000000000000000000000000000000000000000000000000000000000000000000000000
P0CG48,MQIFVKTLTGKTITLEVEPSDTIENVKAKIQDKEGIPPDQQRLIFAGKQLEDGRTLSDYNIQKESTLHLVLRLRGGMQIFVKTLTGKTITLEVEPSDTIENVKAKIQDKEGIPPDQQRLIFAGKQLEDGRTLSDYNIQKESTLHLVLRLRGGMQIFVKTLTGKTITLEVEPSDTIENVKAKIQDKEGIPPDQQRLIFAGKQLEDGRTLSDYNIQKESTLHLVLRLRGGMQIFVKTLTGKTITLEVEPSDTIENVKAKIQDKEGIPPDQQRLIFAGKQLEDGRTLSDYNIQKESTLHLVLRLRGGMQIFVKTLTGKTITLEVEPSDTIENVKAKIQDKEGIPPDQQRLIFAGKQLEDGRTLSDYNIQKESTLHLVLRLRGGMQIFVKTLTGKTITLEVEPSDTIENVKAKIQDKEGIPPDQQRLIFAGKQLEDGRTLSDYNIQKESTLHLVLRLRGGMQIFVKTLTGKTITLEVEPSDTIENVKAKIQDKEGIPPDQQRLIFAGKQLEDGRTLSDYNIQKESTLHLVLRLRGGMQIFVKTLTGKTITLEVEPSDTIENVKAKIQDKEGIPPDQQRLIFAGKQLEDGRTLSDYNIQKESTLHLVLRLRGGMQIFVKTLTGKTITLEVEPSDTIENVKAKIQDKEGIPPDQQRLIFAGKQLEDGRTLSDYNIQKESTLHLVLRLRGGV,0000000000000000000000000000000000000000000000000000000000000000000000000000000000000000000000000000000000000000000000000000000000000000000000000000000000000000000000000000000000000000000000000000000000000000000000000000000000000000000000000000000000000000000000000000000000000000000000000000000000000000000000000000000000000000000000000000000000000000000000000000000000000000000000000000000000000000000000000000000000000000000000000000000000000000000000000000000000000000000000000000000000000000000000000000000000000000000000000000000000000000000000000000000000000000000000000000000000000000000000000000000000000001000000000000000000000000000000000000000000000000000000000000000000000
P10145,MTSKLAVALLAAFLISAALCEGAVLPRSAKELRCQCIKTYSKPFHPKFIKELRVIESGPHCANTEIIVKLSDGRELCLDPKENWVQRVVEKFLKRAENS,000000000000000000000000000000111000100000000000000000000000000000000000000000000000000000000000000
P10415,MAHAGRTGYDNREIVMKYIHYKLSQRGYEWDAGDVGAAPPGAAPAPGIFSSQPGHTPHPAASRDPVARTSPLQTPAAPGAAAGPALSPVPPVVHLTLRQAGDDFSRRYRRDFAEMSSQLHLTPFTARGRFATVVEELFRDGVNWGRIVAFFEFGGVMCVESVNREMSPLVDNIALWMTEYLNRHLHTWIQDNGGWDAFVELYGPSMRPLFDFSWLSLKTLLSLALVGACITLGAYLGHK,00000000000000000000000000000000000000000000000000000000000000000000000000000000000000000000000000000000000000000000000000000000000000000000000010000000000000000000000000000000000000000001000000000000000000000000000000000000000000000000000
P10600,MKMHLQRALVVLALLNFATVSLSLSTCTTLDFGHIKKKRVEAIRGQILSKLRLTSPPEPTVMTHVPYQVLALYNSTRELLEEMHGEREEGCTQENTESEYYAKEIHKFDMIQGLAEHNELAVCPKGITSKVFRFNVSSVEKNRTNLFRAEFRVLRVPNPSSKRNEQRIELFQILRPDEHIAKQRYIGGKNLPTRGTAEWLSFDVTDTVREWLLRRESNLGLEISIHCPCHTFQPNGDILENIHEVMEIKFKGVDNEDDHGRGDLGRLKKQKDHHNPHLILMMIPPHRLDNPGQGGQRKKRALDTNYCFRNLEENCCVRPLYIDFRQDLGWKWVHEPKGYYANFCSGPCPYLRSADTTHSTVLGLYNTLNPEASASPCCVPQDLEPLTILYYVGRTPKVEQLSNMVVKSCKCS,0000000000000000000000000000000000000000000000000000000000000000000000000000000000000000000000000000000000000000000000000000000000000000000000000000000000000000000000000000000000000000000000000000000000000000000000000000000000000000000000000000000000000000000000000000000000000000000000000000000000000000000000000000000000000000000000000000000000000000000000000000000000000000000000000000000001000000000000000000
P11540,MKKAVINGEQIRSISDLHQTLKKELALPEYYGENLDALWDCLTGWVEYPLVLEWRQFEQSKQLTENGAESVLQVFREAKAEGCDITIILS,000000000000000000000000000001000001000100000000000000000000000000000000000000000000000000
P12493,MGARASVLSGGELDKWEKIRLRPGGKKQYKLKHIVWASRELERFAVNPGLLETSEGCRQILGQLQPSLQTGSEELRSLYNTIAVLYCVHQRIDVKDTKEALDKIEEEQNKSKKKAQQAAADTGNNSQVSQNYPIVQNLQGQMVHQAISPRTLNAWVKVVEEKAFSPEVIPMFSALSEGATPQDLNTMLNTVGGHQAAMQMLKETINEEAAEWDRLHPVHAGPIAPGQMREPRGSDIAGTTSTLQEQIGWMTHNPPIPVGEIYKRWIILGLNKIVRMYSPTSILDIRQGPKEPFRDYVDRFYKTLRAEQASQEVKNWMTETLLVQNANPDCKTILKALGPGATLEEMMTACQGVGGPGHKARVLAEAMSQVTNPATIMIQKGNFRNQRKTVKCFNCGKEGHIAKNCRAPRKKGCWKCGKEGHQMKDCTERQANFLGKIWPSHKGRPGNFLQSRPEPTAPPEESFRFGEETTTPSQKQEPIDKELYPLASLRSLFGSDPSSQ,00000000000000000000000000000000000000000000000000000000000000000000000000000000000000000000000000000000000000000000000000000000000000000000000000000000000000000000000000000000000000000000100000000000000000000000000000000000000000000000000000000000000000000000000000000000000000000000000000000000000000001000000000000000000000000000000000000000000000000000000000000000000000000000000000000000000000000000000000000000000000000000000000000000000000000000000000000000000000000000000000000000000000000000
P13479,MELKHSISDYTEAEFLQLVTTICNADTSSEEELVKLVTHFEEMTEHPSGSDLIYYPKEGDDDSPSGIVNTVKQWRAANGKSGFKQG,00000000000000000000000000000000110000001000000001100110000000000000000000000000000000
P13726,METPAWPRVPRPETAVARTLLLGWVFAQVAGASGTTNTVAAYNLTWKSTNFKTILEWEPKPVNQVYTVQISTKSGDWKSKCFYTTDTECDLTDEIVKDVKQTYLARVFSYPAGNVESTGSAGEPLYENSPEFTPYLETNLGQPTIQSFEQVGTKVNVTVEDERTLVRRNNTFLSLRDVFGKDLIYTLYYWKSSSSGKKTAKTNTNEFLIDVDKGENYCFSVQAVIPSRTVNRKSTDSPVECMGQEKGEFREIFYIIGAVVFVVIILVIILAISLHKCRKAGVGQSWKENSPLNVS,0000000000000000000000000000000000000000000000000001000000000000000000000001100000000000010100000000000000000000000000000000000000000000000000000000000000000000000000000001000000000000000000000000000000000000000000000000000000000000000000000000000000000000000000000000000000000000000000000000000
P15891,MALEPIDYTTHSREIDAEYLKIVRGSDPDTTWLIISPNAKKEYEPESTGSSFHDFLQLFDETKVQYGLARVSPPGSDVEKIIIIGWCPDSAPLKTRASFAANFAAVANNLFKGYHVQVTARDEDDLDENELLMKISNAAGARYSIQTSSKQQGKASTPPVKKSFTPSKSPAPVSKKEPVKTPSPAPAAKISSRVNDNNDDDDWNEPELKERDFDQAPLKPNQSSYKPIGKIDLQKVIAEEKAKEDPRLVQKPTAAGSKIDPSSDIANLKNESKLKRDSEFNSFLGTTKPPSMTESSLKNDDDKVIKGFRNEKSPAQLWAERKAKQNSGNAETKAEAPKPEVPEDEPEGEPDVKDLKSKFEGLAASEKEEEEMENKFAPPPKKSEPTIISPKPFSKPQEPVKAEEAEQPKTDYKKIGNPLPGMHIEADNEEEPEENDDDWDDDEDEAAQPPLPSRNVASGAPVQKEEPEQEEIAPSLPSRNSIPAPKQEEAPEQAPEEEIEEEAEEAAPQLPSRSSAAPPPPPRRATPEKKPKENPWATAEYDYDAAEDNELTFVENDKIINIEFVDDDWWLGELEKDGSKGLFPSNYVSLGN,0000000000000000000000000000000000000000000000000000000000000000000000000000000000000000000000000000000000000000000000000000000000000000000000000000000000000000000000000000000000000000000000000000000000000000000000000000000000000000000000000000000000000000000000000000000000000000000000000000000000000000000000000000000000000000000000000000000000000000000000000000000000000000000000000000000000000000000000000000000000000000000000000000000000000000000000000000000000000000000000000000000000000000000000000000000000000000000000000000000000000000000000000000000000000000100000000000000000000000
P16471,MKENVASATVFTLLLFLNTCLLNGQLPPGKPEIFKCRSPNKETFTCWWRPGTDGGLPTNYSLTYHREGETLMHECPDYITGGPNSCHFGKQYTSMWRTYIMMVNATNQMGSSFSDELYVDVTYIVQPDPPLELAVEVKQPEDRKPYLWIKWSPPTLIDLKTGWFTLLYEIRLKPEKAAEWEIHFAGQQTEFKILSLHPGQKYLVQVRCKPDHGYWSAWSPATFIQIPSDFTMNDTTVWISVAVLSAVICLIIVWAVALKGYSMVTCIFPPVPGPKIKGFDAHLLEKGKSEELLSALGCQDFPPTSDYEDLLVEYLEVDDSEDQHLMSVHSKEHPSQGMKPTYLDPDTDSGRGSCDSPSLLSEKCEEPQANPSTFYDPEVIEKPENPETTHTWDPQCISMEGKIPYFHAGGSKCSTWPLPQPSQHNPRSSYHNITDVCELAVGPAGAPATLLNEAGKDALKSSQTIKSREEGKATQQREVESFHSETDQDTPWLLPQEKTPFGSAKPLDYVEIHKVNKDGALSLLPKQRENSGKPKKPGTPENNKEYAKVSGVMDNNILVLVPDPHAKNVACFEESAKEAPPSLEQNQAEKALANFTATSSKCRLQLGGLDYLDPACFTHSFH,0000000000000000000000000000000000000000000000000000000000000000000000000000000000000000000000000000000000000000000000000000000000000000000000000000000000000000000000000000000000000000000000000000000000000000000100000000000000000000000000000000000000000000000000000000000000000000000000000000000000000000000000000000000000000000000000000000000000000000000000000000000000000000000000000000000000000000000000000000000000000000000000000000000000000000000000000000000000000000000000000000000000000000000000000000000000000000000000000000000000000000000000000000000000000000000000000000000000000000000000000000000000000000000000
P17427,MPAVSKGDGMRGLAVFISDIRNCKSKEAEIKRINKELANIRSKFKGDKALDGYSKKKYVCKLLFIFLLGHDIDFGHMEAVNLLSSNRYTEKQIGYLFISVLVNSNSELIRLINNAIKNDLASRNPTFMGLALHCIANVGSREMAEAFAGEIPKILVAGDTMDSVKQSAALCLLRLYRTSPDLVPMGDWTSRVVHLLNDQHLGVVTAATSLITTLAQKNPEEFKTSVSLAVSRLSRIVTSASTDLQDYTYYFVPAPWLSVKLLRLLQCYPPPDPAVRGRLTECLETILNKAQEPPKSKKVQHSNAKNAVLFEAISLIIHHDSEPNLLVRACNQLGQFLQHRETNLRYLALESMCTLASSEFSHEAVKTHIETVINALKTERDVSVRQRAVDLLYAMCDRSNAQQIVAEMLSYLETADYSIREEIVLKVAILAEKYAVDYTWYVDTILNLIRIAGDYVSEEVWYRVIQIVINRDDVQGYAAKTVFEALQAPACHENLVKVGGYILGEFGNLIAGDPRSSPLIQFNLLHSKFHLCSVPTRALLLSTYIKFVNLFPEVKATIQDVLRSDSQLKNADVELQQRAVEYLRLSTVASTDILATVLEEMPPFPERESSILAKLKKKKGPSTVTDLEETKRERSIDVNGGPEPVPASTSAASTPSPSADLLGLGAVPPAPTGPPPSSGGGLLVDVFSDSASAVAPLAPGSEDNFARFVCKNNGVLFENQLLQIGLKSEFRQNLGRMFIFYGNKTSTQFLNFTPTLICADDLQTNLNLQTKPVDPTVDGGAQVQQVVNIECISDFTEAPVLNIQFRYGGTFQNVSVKLPITLNKFFQPTEMASQDFFQRWKQLSNPQQEVQNIFKAKHPMDTEITKAKIIGFGSALLEEVDPNPANFVGAGIIHTKTTQIGCLLRLEPNLQAQMYRLTLRTSKDTVSQRLCELLSEQF,00000000000000000000000000000000000000000000000000000000000000000000000000000000000000000000000000000000000000000000000000000000000000000000000000000000000000000000000000000000000000000000000000000000000000000000000000000000000000000000000000000000000000000000000000000000000000000000000000000000000000000000000000000000000000000000000000000000000000000000000000000000000000000000000000000000000000000000000000000000000000000000000000000000000000000000000000000000000000000000000000000000000000000000000000000000000000000000000000000000000000000000000000000000000000000000000000000000000000000000000000000000000000000000000000000000000000000000000000000000000000000000000000000000000000000000000000000000000000000000000000000000000000000000000000000000000000000000000000000000000000000000000000000000000000000000000000000000000000000000100100000000000000000000000000000000000000000000000000000000000000000010000000000001000000000000000000
P17728,MNHLVMISLALLLLLGVESVRDAYIAKNYNCVYECFRDAYCNELCTKNGASSGYCQWAGKYGNACWCYALPDNVPIRVPGKCHRK,0000000000000000000000000010000000001000000000000000000000000000000000000000000000000
P20783,MSILFYVIFLAYLRGIQGNNMDQRSLPEDSLNSLIIKLIQADILKNKLSKQMVDVKENYQSTLPKAEAPREPERGGPAKSAFQPVIAMDTELLRQQRRYNSPRVLLSDSTPLEPPPLYLMEDYVGSPVVANRTSRRKRYAEHKSHRGEYSVCDSESLWVTDKSSAIDIRGHQVTVLGEIKTGNSPVKQYFYETRCKEARPVKNGCRGIDDKHWNSQCKTSQTYVRALTSENNKLVGWRWIRIDTSCVCALSRKIGRT,00000000000000000000000000000000000000000000000000000000000000000000000000000000000000000000000000000000000000000000000000000000000000000000000000001000000000000000000000000000000000000000000000000000000001000000000000000000000000000000000010000000000000000
P30403,MIQVLLVTICLAAFPYQGSSIILESGNVNDYEVVYPRKVIALSEGAAQQKYEDTMQYEFKVNGEPVVLHLEKNKGLFAKDYSETHYSPDGTRITTYPSVEDHCYYQGRIHNDADSTASISACNGLKGHFKLQGETYFIEPMKLPDSEAHAVFKYENIEKEDESPKMCGVTETNWESDEPIKKVSQLNLNHEIKRHVDIVVVVDSRFCTKHSNDLEVIRKFVHEVVNAIIESYKYMHFGISLVNLETWCNGDLINVQEDSYETLKAFGKWRESDLIKHVNHSNAQFLMDMKFIKNIIGKAYLDSICDPERSVGIVQNYHGITLNVAAIMAHEMGHNLGVRHDGEYCTCYGSSECIMSSHISDPPSKYFSNCSYYQFWKYIENQNPQCILNKPLRTVSIPVSGNEHLEAGKECDCSSPENPCCDAATCKLRPGAQCGEGLCCEQCKFSRAGKICRIPRGDMPDDRCTGQSADCPRYHSHA,0000000000000000000000000000000000000000000000000000000000000000000000000000000000000000000000000000000000000000000000000000000000000000000000000000000000000000000000000000000000000000000000000000000000000000000000000000000000000000000000000000000000000000000000000000000000000000000000000000000000000000000000000000000000000000000000000000000000000000000000000000000000000000000000000000000000000000000000000000000000000000000000000000000000000000000000010100000000000000000000
P32628,MVSLTFKNFKKEKVPLDLEPSNTILETKTKLAQSISCEESQIKLIYSGKVLQDSKTVSECGLKDGDQVVFMVSQKKSTKTKVTEPPIAPESATTPGRENSTEASPSTDASAAPAATAPEGSQPQEEQTATTERTESASTPGFVVGTERNETIERIMEMGYQREEVERALRAAFNNPDRAVEYLLMGIPENLRQPEPQQQTAAAAEQPSTAATTAEQPAEDDLFAQAAQGGNASSGALGTTGGATDAAQGGPPGSIGLTVEDLLSLRQVVSGNPEALAPLLENISARYPQLREHIMANPEVFVSMLLEAVGDNMQDVMEGADDMVEGEDIEVTGEAAAAGLGQGEGEGSFQVDYTPEDDQAISRLCELGFERDLVIQVYFACDKNEEAAANILFSDHAD,00000000000000000000000000000000000000000000100000000000000000000000000000000000000000000000000000000000000000000000000000000000000000000000000000000000000000000000000000000000000000000000000000000000000000000000000000000000000000000000000000000000000000000000000000000000000000000000000000000000000000000000000000000000000000000000000000000000000000000000000000000000000000000000000000000000000000
P32851,MKDRTQELRTAKDSDDDDDVTVTVDRDRFMDEFFEQVEEIRGFIDKIAENVEEVKRKHSAILASPNPDEKTKEELEELMSDIKKTANKVRSKLKSIEQSIEQEEGLNRSSADLRIRKTQHSTLSRKFVEVMSEYNATQSDYRERCKGRIQRQLEITGRTTTSEELEDMLESGNPAIFASGIIMDSSISKQALSEIETRHSEIIKLENSIRELHDMFMDMAMLVESQGEMIDRIEYNVEHAVDYVERAVSDTKKAVKYQSKARRKKIMIIICCVILGIIIASTIGGIFG,000000000000000000000000000000000000000000000000000000000000000000000000000000000000000000000000000000000000000000000000000000000000000000000000000000000000000000000000000000000000000000000000000000000000000000000000000000000000000010000000000000000000000000000000000000000000000000000000
P35189,MVATVKRTIRIKTQQHILPEVPPVENFPVRQWSIEIVLLDDEGKEIPATIFDKVIYHLHPTFANPNRTFTDPPFRIEEQGWGGFPLDISVFLLEKAGERKIPHDLNFLQESYEVEHVIQIPLNKPLLTEELAKSGSTEETTANTGTIGKRRTTTNTTAEPKAKRAKTGSASTVKGSVDLEKLAFGLTKLNEDDLVGVVQMVTDNKTPEMNVTNNVEEGEFIIDLYSLPEGLLKSLWDYVKKNTE,0000000000000000000000000000000000000000000000000000000000000000000000000000000010000000000000000000000000000000000000000000000000000000000000000000000000000000000000000000000000000000000000000000000000000000000000000000000000000000000000000000
P35225,MHPLLNPLLLALGLMALLLTTVIALTCLGGFASPGPVPPSTALRELIEELVNITQNQKAPLCNGSMVWSINLTAGMYCAALESLINVSGCSAIEKTQRMLSGFCPHKVSAGQFSSLHVRDTKIEVAQFVKDLLLHLKKLFREGRFN,00000000000000000000000000000000000000000000001000000000000000000100000000000000000000000000000000000000000000000000000000000000000001001101100000
P40075,MSAVEISPDVLVYKSPLTEQSTEYASISNNSDQTIAFKVKTTAPKFYCVRPNAAVVAPGETIQVQVIFLGLTEEPAADFKCRDKFLVITLPSPYDLNGKAVADVWSDLEAEFKQQAISKKIKVKYLISPDVHPAQNQNIQENKETVEPVVQDSEPKEVPAVVNEKEVPAEPETQPPVQVKKEEVPPVVQKTVPHENEKQTSNSTPAPQNQIKEAATVPAENESSSMGIFILVALLILVLGWFYR,0000000000000000000000000000000000000000010000000000000000000000000000000000000000000000000000000000000000000000000000000000000000000000000000000000000000000000000000000000000000000000000000000000000000000000000000000000000000000000000000000000
P41743,MPTQRDSSTMSHTVAGGGSGDHSHQVRVKAYYRGDIMITHFEPSISFEGLCNEVRDMCSFDNEQLFTMKWIDEEGDPCTVSSQLELEEAFRLYELNKDSELLIHVFPCVPERPGMPCPGEDKSIYRRGARRWRKLYCANGHTFQAKRFNRRAHCAICTDRIWGLGRQGYKCINCKLLVHKKCHKLVTIECGRHSLPQEPVMPMDQSSMHSDHAQTVIPYNPSSHESLDQVGEEKEAMNTRESGKASSSLGLQDFDLLRVIGRGSYAKVLLVRLKKTDRIYAMKVVKKELVNDDEDIDWVQTEKHVFEQASNHPFLVGLHSCFQTESRLFFVIEYVNGGDLMFHMQRQRKLPEEHARFYSAEISLALNYLHERGIIYRDLKLDNVLLDSEGHIKLTDYGMCKEGLRPGDTTSTFCGTPNYIAPEILRGEDYGFSVDWWALGVLMFEMMAGRSPFDIVGSSDNPDQNTEDYLFQVILEKQIRIPRSLSVKAASVLKSFLNKDPKERLGCHPQTGFADIQGHPFFRNVDWDMMEQKQVVPPFKPNISGEFGLDNFDSQFTNEPVQLTPDDDDIVRKIDQSEFEGFEYINPLLMSAEECV,00000000000000000000000000000000000000000000000000000000000000000000000100000000000000000000000000000000000000000000000000000000000000000000000000000000000000000000000000000000000000000000000000000000000000000000000000000000000000000000000000000000000000000000000000000000000000000000000000000000000000000000000000000000000000000000000000000000000000000000000000000000000000000000000000000000000000000000000000000000000000000000000000000000000000000000000000000000000000000000000000000000000000000000000000000000000000000000000000000000000000000000000000000000000000000000000000000000000000000000
P43357,MPLEQRSQHCKPEEGLEARGEALGLVGAQAPATEEQEAASSSSTLVEVTLGEVPAAESPDPPQSPQGASSLPTTMNYPLWSQSYEDSSNQEEEGPSTFPDLESEFQAALSRKVAELVHFLLLKYRAREPVTKAEMLGSVVGNWQYFFPVIFSKASSSLQLVFGIELMEVDPIGHLYIFATCLGLSYDGLLGDNQIMPKAGLLIIVLAIIAREGDCAPEEKIWEELSVLEVFEGREDSILGDPKKLLTQHFVQENYLEYRQVPGSDPACYEFLWGPRALVETSYVKVLHHMVKISGGPHISYPPLHEWVLREGEE,00000000000000000000000000000000000000000000000000000000000000000000000000000000000000000000000000000000000000000000000000000000000000000000000000000000000000000000000001000001000000000000000000000000000000000000000000000000000000000000000000000000000000000000000000000000000000000000000000000000000000000000000000
P48551,MLLSQNAFIFRSLNLVLMVYISLVFGISYDSPDYTDESCTFKISLRNFRSILSWELKNHSIVPTHYTLLYTIMSKPEDLKVVKNCANTTRSFCDLTDEWRSTHEAYVTVLEGFSGNTTLFSCSHNFWLAIDMSFEPPEFEIVGFTNHINVMVKFPSIVEEELQFDLSLVIEEQSEGIVKKHKPEIKGNMSGNFTYIIDKLIPNTNYCVSVYLEHSDEQAVIKSPLKCTLLPPGQESESAESAKIGGIITVFLIALVLTSTIVTLKWIGYICLRNSLPKVLNFHNFLAWPFPNLPPLEAMDMVEVIYINRKKKVWDYNYDDESDSDTEAAPRTSGGGYTMHGLTVRPLGQASATSTESQLIDPESEEEPDLPEVDVELPTMPKDSPQQLELLSGPCERRKSPLQDPFPEEDYSSTEGSGGRITFNVDLNSVFLRVLDDEDSDDLEAPLMLSSHLEEMVDPEDPDNVQSNHLLASGEGTQPTFPSPSSEGLWSEDAPSDQSDTSESDVDLGDGYIMR,00000000000000000000000000000000000000000000000000000000000000000000001010000000000000000000000000000001001000000000000000000010000000000000000000000000000000000000000000000000000000000000000000000000000000000000000000000000000000000000000000000000000000000000000000000000000000000000000000000000000000000000000000000000000000000000000000000000000000000000000000000000000000000000000000000000000000000000000000000000000000000000000000000000000000000000000000000000000000000000000000000000000000000000000000000000000
P49054,RKLKTGTASVAVALTVVGAGLASQTEVKANRADDARNEVLRGNLVRAELWYRQIQENDQLKLENKGLKTDLREKEEELQGLKDDVEKLTADAELQRLKNERHEEAELERLKSERHDHDKKEAERKALEDKLADKQEHLNGALRYINEKEAEAKEKEAEQKKLKEEKQISDASRQGLRRDLDASREAKKQVEKDLANLTAELDKVKEEKQISDASRQGLRRDLDASREAKKQVEKGLANLTAELDKVKEEKQISDASRQGLRRDLDASREAKKQVEKALEEANSKLAALEKLNKELEESKKLTEKEKAELQAKLEAEAKALKEQLAKQAEELAKLRAEKASDSQTPDAKPGNKAVPGKGQAPQAGTKPNQNKAPMKETKRQLPSTGETT,0000000000000000000000000000000000000000000000000000000000000000000000000000000000000000000000000100000000000000000000000000000000000000000000000000000000000000000000000000000000000000000000000000000000000000000000000000000000000000000000000000000000000000000000000000000000000000000000000000000000000000000000000000000000000000000000000000000000000000000000000000000000000000000000000000
P51532,MSTPDPPLGGTPRPGPSPGPGPSPGAMLGPSPGPSPGSAHSMMGPSPGPPSAGHPIPTQGPGGYPQDNMHQMHKPMESMHEKGMSDDPRYNQMKGMGMRSGGHAGMGPPPSPMDQHSQGYPSPLGGSEHASSPVPASGPSSGPQMSSGPGGAPLDGADPQALGQQNRGPTPFNQNQLHQLRAQIMAYKMLARGQPLPDHLQMAVQGKRPMPGMQQQMPTLPPPSVSATGPGPGPGPGPGPGPGPAPPNYSRPHGMGGPNMPPPGPSGVPPGMPGQPPGGPPKPWPEGPMANAAAPTSTPQKLIPPQPTGRPSPAPPAVPPAASPVMPPQTQSPGQPAQPAPMVPLHQKQSRITPIQKPRGLDPVEILQEREYRLQARIAHRIQELENLPGSLAGDLRTKATIELKALRLLNFQRQLRQEVVVCMRRDTALETALNAKAYKRSKRQSLREARITEKLEKQQKIEQERKRRQKHQEYLNSILQHAKDFKEYHRSVTGKIQKLTKAVATYHANTEREQKKENERIEKERMRRLMAEDEEGYRKLIDQKKDKRLAYLLQQTDEYVANLTELVRQHKAAQVAKEKKKKKKKKKAENAEGQTPAIGPDGEPLDETSQMSDLPVKVIHVESGKILTGTDAPKAGQLEAWLEMNPGYEVAPRSDSEESGSEEEEEEEEEEQPQAAQPPTLPVEEKKKIPDPDSDDVSEVDARHIIENAKQDVDDEYGVSQALARGLQSYYAVAHAVTERVDKQSALMVNGVLKQYQIKGLEWLVSLYNNNLNGILADEMGLGKTIQTIALITYLMEHKRINGPFLIIVPLSTLSNWAYEFDKWAPSVVKVSYKGSPAARRAFVPQLRSGKFNVLLTTYEYIIKDKHILAKIRWKYMIVDEGHRMKNHHCKLTQVLNTHYVAPRRLLLTGTPLQNKLPELWALLNFLLPTIFKSCSTFEQWFNAPFAMTGEKVDLNEEETILIIRRLHKVLRPFLLRRLKKEVEAQLPEKVEYVIKCDMSALQRVLYRHMQAKGVLLTDGSEKDKKGKGGTKTLMNTIMQLRKICNHPYMFQHIEESFSEHLGFTGGIVQGLDLYRASGKFELLDRILPKLRATNHKVLLFCQMTSLMTIMEDYFAYRGFKYLRLDGTTKAEDRGMLLKTFNEPGSEYFIFLLSTRAGGLGLNLQSADTVIIFDSDWNPHQDLQAQDRAHRIGQQNEVRVLRLCTVNSVEEKILAAAKYKLNVDQKVIQAGMFDQKSSSHERRAFLQAILEHEEQDESRHCSTGSGSASFAHTAPPPAGVNPDLEEPPLKEEDEVPDDETVNQMIARHEEEFDLFMRMDLDRRREEARNPKRKPRLMEEDELPSWIIKDDAEVERLTCEEEEEKMFGRGSRHRKEVDYSDSLTEKQWLKAIEEGTLEEIEEEVRQKKSSRKRKRDSDAGSSTPTTSTRSRDKDDESKKQKKRGRPPAEKLSPNPPNLTKKMKKIVDAVIKYKDSSSGRQLSEVFIQLPSRKELPEYYELIRKPVDFKKIKERIRNHKYRSLNDLEKDVMLLCQNAQTFNLEGSLIYEDSIVLQSVFTSVRQKIEKEDDSEGEESEEEEEGEEEGSESESRSVKVKIKLGRKEKAQDRLKGGRRRPSRGSRAKPVVSDDDSEEEQEEDRSGSGSEED,000000000000000000000000000000000000000000000000000000000000000000000000000000000000000000000000000000000000000000000000000000000000000000000000000000000000000000000000000000000000000000000000000000000000000000000000000000000000000000000000000000000000000000000000000000000000000000000000000000000000000000000000000000000000000000000000000000000000000000000000000000000000000000000000000000000000000000000000000000000000000000000000000000000000000000000000000000000000000000000000000000000000000000000000000000000000000000000000000000000000000000000000000000000000000000000000000000000000000000000000000000000000000000000000000000000000000000000000000000000000000000000000000000000000000000000000000000000000000000000000000000000000000000000000000000000000000000000000000000000000000000000000000000000000000000000000000000000000000000000000000000000000000000000000000000000000000000000000000000000000000000000000000000000000000000000000000000000000000000000000000000000000000000000000000000000000000000000000000000000000000000000000000000000000000000000000000000000000000000000000000000000000000000000000000000000000000000000000000000000000000000000000000000000000000000000000000000000000000000000000000000000000000000000000000000000000000000000000000000000000000000000000000000000000000000000000000000000000000000000000000000000000000000000000000000000000000000000000000000000000000000000000000000000000000000000000000000000000000000000000000000000000000000000000000000000000000000000000000000000000000000000000000000000000000000000000001100000000000000000000000000000000000000000000000000000000000000000000000000000000000000000000000000000000000
P55265,MNPRQGYSLSGYYTHPFQGYEHRQLRYQQPGPGSSPSSFLLKQIEFLKGQLPEAPVIGKQTPSLPPSLPGLRPRFPVLLASSTRGRQVDIRGVPRGVHLRSQGLQRGFQHPSPRGRSLPQRGVDCLSSHFQELSIYQDQEQRILKFLEELGEGKATTAHDLSGKLGTPKKEINRVLYSLAKKGKLQKEAGTPPLWKIAVSTQAWNQHSGVVRPDGHSQGAPNSDPSLEPEDRNSTSVSEDLLEPFIAVSAQAWNQHSGVVRPDSHSQGSPNSDPGLEPEDSNSTSALEDPLEFLDMAEIKEKICDYLFNVSDSSALNLAKNIGLTKARDINAVLIDMERQGDVYRQGTTPPIWHLTDKKRERMQIKRNTNSVPETAPAAIPETKRNAEFLTCNIPTSNASNNMVTTEKVENGQEPVIKLENRQEARPEPARLKPPVHYNGPSKAGYVDFENGQWATDDIPDDLNSIRAAPGEFRAIMEMPSFYSHGLPRCSPYKKLTECQLKNPISGLLEYAQFASQTCEFNMIEQSGPPHEPRFKFQVVINGREFPPAEAGSKKVAKQDAAMKAMTILLEEAKAKDSGKSEESSHYSTEKESEKTAESQTPTPSATSFFSGKSPVTTLLECMHKLGNSCEFRLLSKEGPAHEPKFQYCVAVGAQTFPSVSAPSKKVAKQMAAEEAMKALHGEATNSMASDNQPEGMISESLDNLESMMPNKVRKIGELVRYLNTNPVGGLLEYARSHGFAAEFKLVDQSGPPHEPKFVYQAKVGGRWFPAVCAHSKKQGKQEAADAALRVLIGENEKAERMGFTEVTPVTGASLRRTMLLLSRSPEAQPKTLPLTGSTFHDQIAMLSHRCFNTLTNSFQPSLLGRKILAAIIMKKDSEDMGVVVSLGTGNRCVKGDSLSLKGETVNDCHAEIISRRGFIRFLYSELMKYNSQTAKDSIFEPAKGGEKLQIKKTVSFHLYISTAPCGDGALFDKSCSDRAMESTESRHYPVFENPKQGKLRTKVENGEGTIPVESSDIVPTWDGIRLGERLRTMSCSDKILRWNVLGLQGALLTHFLQPIYLKSVTLGYLFSQGHLTRAICCRVTRDGSAFEDGLRHPFIVNHPKVGRVSIYDSKRQSGKTKETSVNWCLADGYDLEILDGTRGTVDGPRNELSRVSKKNIFLLFKKLCSFRYRRDLLRLSYGEAKKAARDYETAKNYFKKGLKDMGYGNWISKPQEEKNFYLCPV,00000000000000000000000000000000000000000000000000000000000000000000000000000000000000000000000000000000000000000000000000000000000000000000000000000000000000000000000000000000000000000000000000000000000000000000000000000000000000000000000000000000000000000000000000000000000000000000000000000000000000000000000000000000000000000000000000000000000000000000000000000000000000000000000000000000000000000000000000000000000000000000000000000000000000000000000000000000000000000000000000000000000000000000000000000000000000000000000000000000000000000000000000000000000000000000000000000000000000000000000000000000000000000000000000000000000000000000000000000000000000000000000000000000000000000000000000000000000000000000000000000000000000000000000000000000000000000000000000000000000000000000000000000000100000000000000000000000000000000000000000000000000000000000000000000000000000000000000000000000000000000000000000000000000000000000000000000000000000000000000000000000000000000000000000000000000000000000000000000000000000000000000000000000000000000000000000000000000000000000000000000000000000000000000000000000000000000000000000000000000000000000000000000000000000000000000000000000000000000000000000000000000000000000000000
P61964,MATEEKKPETEAARAQPTPSSSATQSKPTPVKPNYALKFTLAGHTKAVSSVKFSPNGEWLASSSADKLIKIWGAYDGKFEKTISGHKLGISDVAWSSDSNLLVSASDDKTLKIWDVSSGKCLKTLKGHSNYVFCCNFNPQSNLIVSGSFDESVRIWDVKTGKCLKTLPAHSDPVSAVHFNRDGSLIVSSSYDGLCRIWDTASGQCLKTLIDDDNPPVSFVKFSPNGKYILAATLDNTLKLWDYSKGKCLKTYTGHKNEKYCIFANFSVTGGKWIVSGSEDNLVYIWNLQTKEIVQKLQGHTDVVISTACHPTENIIASAALENDKTIKLWKSDC,0000000000000000000000000000000000000000000000000000000000000000000000000000000000000000000000000000000000100000000000000000000000001000000000000000000000000000000000000000000000000000000000000000000000000000000000000000000010000000000000000000000000000000000000100000000000000000000000000000000000000000000000000000000011000000000000
P62593,MSIQHFRVALIPFFAAFCLPVFAHPETLVKVKDAEDQLGARVGYIELDLNSGKILESFRPEERFPMMSTFKVLLCGAVLSRVDAGQEQLGRRIHYSQNDLVEYSPVTEKHLTDGMTVRELCSAAITMSDNTAANLLLTTIGGPKELTAFLHNMGDHVTRLDRWEPELNEAIPNDERDTTMPAAMATTLRKLLTGELLTLASRQQLIDWMEADKVAGPLLRSALPAGWFIADKSGAGERGSRGIIAALGPDGKPSRIVVIYTTGSQATMDERNRQIAEIGASLIKHW,0000000000000000000000000000000000000000000000000000000000000000000000000000000000000000000000000000011000001000000000000000001000000000000000000000000000000000000000000000000000000000000000000000000000000000000000000000000000000000000000000000000000000000000000000000000000000000000000
P62937,MVNPTVFFDIAVDGEPLGRVSFELFADKVPKTAENFRALSTGEKGFGYKGSCFHRIIPGFMCQGGDFTRHNGTGGKSIYGEKFEDENFILKHTGPGILSMANAGPNTNGSQFFICTAKTEWLDGKHVVFGKVKEGMNIVEAMERFGSRNGKTSKKITIADCGQLE,000000000000000000000000000000000000000000000000000000100000000000000000000000000000000000000000000000000000000000000000000000000000000000000000000000000000000000000
P63159,MGKGDPKKPRGKMSSYAFFVQTCREEHKKKHPDASVNFSEFSKKCSERWKTMSAKEKGKFEDMAKADKARYEREMKTYIPPKGETKKKFKDPNAPKRPPSAFFLFCSEYRPKIKGEHPGLSIGDVAKKLGEMWNNTAADDKQPYEKKAAKLKEKYEKDIAAYRAKGKPDAAKKGVVKAEKSKKKKEEEDDEEDEEDEEEEEEEEDEDEEEDDDDE,00000000000000000000000000000000000000000000000000000000000000000000000000000000000000000000000000000000010000000000000000000000000000000000000000000000000000000000000000000000000000000000000000000000000000000000000
P63165,MSDQEAKPSTEDLGDKKEGEYIKLKVIGQDSSEIHFKVKMTTHLKKLKESYCQRQGVPMNSLRFLFEGQRIADNHTPKELGMEEEDVIEVYQEQTGGHSTV,00000000000000000000000000000000000100000000000000000000000000000000000000000000000000000000000000000
P68036,MAASRRLMKELEEIRKCGMKNFRNIQVDEANLLTWQGLIVPDNPPYDKGAFRIEINFPAEYPFKPPKITFKTKIYHPNIDEKGQVCLPVISAENWKPATKTDQVIQSLIALVNDPQPEHPLRADLAEEYSKDRKKFCKNAEEFTKKYGEKRPVD,0000000000000000000000000000000000000000000000000000000000000010000000000000000000000000000000000000000000000000000000000000000000000000000000000000000000
P68390,VEVDCSRFPNTTNEEGKDVLVCTEDLRPICGTDGVTHSECLLCAYNIEYGTNISKEHDGECREAVPMDCSRYPNTTSEEGKVMILCNKALNPVCGTDGVTYDNECVLCAHNLEQGTSVGKKHDGECRKELAAVSVDCSEYPKPACTLEYRPLCGSDNKTYGNKCNFCNAVVESNGTLTLSHFGKC,00000000000000000000000000000000000000000000000000000000000000000000000000000000000000000000000000000000000000000000000000000000000000000000000001010100000000000000000000000000000000000
P71590,MGSQKRLVQRVERKLEQTVGDAFARIFGGSIVPQEVEALLRREAADGIQSLQGNRLLAPNEYIITLGVHDFEKLGADPELKSTGFARDLADYIQEQGWQTYGDVVVRFEQSSNLHTGQFRARGTVNPDVETHPPVIDCARPQSNHAFGAEPGVAPMSDNSSYRGGQGQGRPDEYYDDRYARPQEDPRGGPDPQGGSDPRGGYPPETGGYPPQPGYPRPRHPDQGDYPEQIGYPDQGGYPEQRGYPEQRGYPDQRGYQDQGRGYPDQGQGGYPPPYEQRPPVSPGPAAGYGAPGYDQGYRQSGGYGPSPGGGQPGYGGYGEYGRGPARHEEGSYVPSGPPGPPEQRPAYPDQGGYDQGYQQGATTYGRQDYGGGADYTRYTESPRVPGYAPQGGGYAEPAGRDYDYGQSGAPDYGQPAPGGYSGYGQGGYGSAGTSVTLQLDDGSGRTYQLREGSNIIGRGQDAQFRLPDTGVSRRHLEIRWDGQVALLADLNSTNGTTVNNAPVQEWQLADGDVIRLGHSEIIVRMH,00000000000000000000000000000000000000000000000000000000000000000000000000000000000000000000000000000000000000000000000000000000000000000000000000000000000000000000000000000000000000000000000000000000000000000000000000000000000000000000000000000000000000000000000000000000000000000000000000000000000000000000000000000000000000000000000000000000000000000000000000000000000000000000000000000000000000000000000000000000000000000000000000000000000000000000000000100000000000000100000000000000000000000000000000000000000000000000000
P78423,MAPISLSWLLRLATFCHLTVLLAGQHHGVTKCNITCSKMTSKIPVALLIHYQQNQASCGKRAIILETRQHRLFCADPKEQWVKDAMQHLDRQAAALTRNGGTFEKQIGEVKPRTTPAAGGMDESVVLEPEATGESSSLEPTPSSQEAQRALGTSPELPTGVTGSSGTRLPPTPKAQDGGPVGTELFRVPPVSTAATWQSSAPHQPGPSLWAEAKTSEAPSTQDPSTQASTASSPAPEENAPSEGQRVWGQGQSPRPENSLEREEMGPVPAHTDAFQDWGPGSMAHVSVVPVSSEGTPSREPVASGSWTPKAEEPIHATMDPQRLGVLITPVPDAQAATRRQAVGLLAFLGLLFCLGVAMFTYQSLQGCPRKMAGEMAEGLRYIPRSCGSNSYVLVPV,0000000000000000000000000000000000000000000000000000000000000000000000100000000000000000000000000000000000000000000000000000000000000000000000000000000000000000000000000000000000000000000000000000000000000000000000000000000000000000000000000000000000000000000000000000000000000000000000000000000000000000000000000000000000000000000000000000000000000000000000000000000000000000000000000000000000000
P78543,MSHGKGTDMLPEIAAAVGFLSSLLRTRGCVSEQRLKVFSGALQEALTEHYKHHWFPEKPSKGSGYRCIRINHKMDPIISRVASQIGLSQPQLHQLLPSELTLWVDPYEVSYRIGEDGSICVLYEEAPLAASCGLLTCKNQVLLGRSSPSKNYVMAVSS,00000000000000000000000000000000000000000000000000000000000000001000000000100000000000000000000000000010100000000000000000000000000000000000000000000000000000
P78560,MEARDKQVLRSLRLELGAEVLVEGLVLQYLYQEGILTENHIQEINAQTTGLRKTMLLLDILPSRGPKAFDTFLDSLQEFPWVREKLKKAREEAMTDLPAGDRLTGIPSHILNSSPSDRQINQLAQRLGPEWEPMVLSLGLSQTDIYRCKANHPHNVQSQVVEAFIRWRQRFGKQATFQSLHNGLRAVEVDPSLLLHMLE,0000000000000000000000000000000000000000000000000000000000000000000000000000000000000000000000000000000000000000000000000000100000000000000000000110000000000000000000000000000000000000000000000000000
P9WIA1,MSDPLHVTFVCTGNICRSPMAEKMFAQQLRHRGLGDAVRVTSAGTGNWHVGSCADERAAGVLRAHGYPTDHRAAQVGTEHLAADLLVALDRNHARLLRQLGVEAARVRMLRSFDPRSGTHALDVEDPYYGDHSDFEEVFAVIESALPGLHDWVDERLARNGPS,0000000000000000000000000000000000000000000000000000000000000000000000000000000000000000000000000000000000000000000000000000000000000000000000000100000000000000000
Q01196,MRIPVDASTSRRFTPPSTALSPGKMSEALPLGAPDAGAALAGKLRSGDRSMVEVLADHPGELVRTDSPNFLCSVLPTHWRCNKTLPIAFKVVALGDVPDGTLVTVMAGNDENYSAELRNATAAMKNQVARFNDLRFVGRSGRGKSFTLTITVFTNPPQVATYHRAIKITVDGPREPRRHRQKLDDQTKPGSLSFSERLSELEQLRRTAMRVSPHHPAPTPNPRASLNHSTAFNPQPQSQMQDTRQIQPSPPWSYDQSYQYLGSIASPSVHPATPISPGRASGMTTLSAELSSRLSTAPDLTAFSDPRQFPALPSISDPRMHYPGAFTYSPTPVTSGIGIGMSAMGSATRYHTYLPPPYPGSSQAQGGPFQASSPSYHLYYGASAGSYQFSMVGGERSPPRILPPCTNASTGSALLNPSLPNQSDVVEAEGSHSNSPTNMAPSARLEEAVWRPY,000000000000000000000000000000000000000000000000000000000000000000000000000000000000000000000000000000000000100000000000000000000000000000000000000000000000000010000000000000000000000000000000000000000000000000000000000000000000000000000000000000000000000000000000000000000000000000000000000000000000000000000000000000000000000000000000000000000000000000000000000000000000000000000000000000000000000000000000000000000000000000000000000000000000000000000
Q12830,MRGRRGRPPKQPAAPAAERCAPAPPPPPPPPTSGPIGGLRSRHRGSSRGRWAAAQAEVAPKTRLSSPRGGSSSRRKPPPPPPAPPSTSAPGRGGRGGGGGRTGGGGGGGHLARTTAARRAVNKVVYDDHESEEEEEEEDMVSEEEEEEDGDAEETQDSEDDEEDEMEEDDDDSDYPEEMEDDDDDASYCTESSFRSHSTYSSTPGRRKPRVHRPRSPILEEKDIPPLEFPKSSEDLMVPNEHIMNVIAIYEVLRNFGTVLRLSPFRFEDFCAALVSQEQCTLMAEMHVVLLKAVLREEDTSNTTFGPADLKDSVNSTLYFIDGMTWPEVLRVYCESDKEYHHVLPYQEAEDYPYGPVENKIKVLQFLVDQFLTTNIAREELMSEGVIQYDDHCRVCHKLGDLLCCETCSAVYHLECVKPPLEEVPEDEWQCEVCVAHKVPGVTDCVAEIQKNKPYIRHEPIGYDRSRRKYWFLNRRLIIEEDTENENEKKIWYYSTKVQLAELIDCLDKDYWEAELCKILEEMREEIHRHMDITEDLTNKARGSNKSFLAAANEEILESIRAKKGDIDNVKSPEETEKDKNETENDSKDAEKNREEFEDQSLEKDSDDKTPDDDPEQGKSEEPTEVGDKGNSVSANLGDNTTNATSEETSPSEGRSPVGCLSETPDSSNMAEKKVASELPQDVPEEPNKTCESSNTSATTTSIQPNLENSNSSSELNSSQSESAKAADDPENGERESHTPVSIQEEIVGDFKSEKSNGELSESPGAGKGASGSTRIITRLRNPDSKLSQLKSQQVAAAAHEANKLFKEGKEVLVVNSQGEISRLSTKKEVIMKGNINNYFKLGQEGKYRVYHNQYSTNSFALNKHQHREDHDKRRHLAHKFCLTPAGEFKWNGSVHGSKVLTISTLRLTITQLENNIPSSFLHPNWASHRANWIKAVQMCSKPREFALALAILECAVKPVVMLPIWRESLGHTRLHRMTSIEREEKEKVKKKEKKQEEEETMQQATWVKYTFPVKHQVWKQKGEEYRVTGYGGWSWISKTHVYRFVPKLPGNTNVNYRKSLEGTKNNMDENMDESDKRKCSRSPKKIKIEPDSEKDEVKGSDAAKGADQNEMDISKITEKKDQDVKELLDSDSDKPCKEEPMEVDDDMKTESHVNCQESSQVDVVNVSEGFHLRTSYKKKTKSSKLDGLLERRIKQFTLEEKQRLEKIKLEGGIKGIGKTSTNSSKNLSESPVITKAKEGCQSDSMRQEQSPNANNDQPEDLIQGCSESDSSVLRMSDPSHTTNKLYPKDRVLDDVSIRSPETKCPKQNSIENDIEEKVSDLASRGQEPSKSKTKGNDFFIDDSKLASADDIGTLICKNKKPLIQEESDTIVSSSKSALHSSVPKSTNDRDATPLSRAMDFEGKLGCDSESNSTLENSSDTVSIQDSSEEDMIVQNSNESISEQFRTREQDVEVLEPLKCELVSGESTGNCEDRLPVKGTEANGKKPSQQKKLEERPVNKCSDQIKLKNTTDKKNNENRESEKKGQRTSTFQINGKDNKPKIYLKGECLKEISESRVVSGNVEPKVNNINKIIPENDIKSLTVKESAIRPFINGDVIMEDFNERNSSETKSHLLSSSDAEGNYRDSLETLPSTKESDSTQTTTPSASCPESNSVNQVEDMEIETSEVKKVTSSPITSEEESNLSNDFIDENGLPINKNENVNGESKRKTVITEVTTMTSTVATESKTVIKVEKGDKQTVVSSTENCAKSTVTTTTTTVTKLSTPSTGGSVDIISVKEQSKTVVTTTVTDSLTTTGGTLVTSMTVSKEYSTRDKVKLMKFSRPKKTRSGTALPSYRKFVTKSSKKSIFVLPNDDLKKLARKGGIREVPYFNYNAKPALDIWPYPSPRPTFGITWRYRLQTVKSLAGVSLMLRLLWASLRWDDMAAKAPPGGGTTRTETSETEITTTEIIKRRDVGPYGIRSEYCIRKIICPIGVPETPKETPTPQRKGLRSSALRPKRPETPKQTGPVIIETWVAEEELELWEIRAFAERVEKEKAQAVEQQAKKRLEQQKPTVIATSTTSPTSSTTSTISPAQKVMVAPISGSVTTGTKMVLTTKVGSPATVTFQQNKNFHQTFATWVKQGQSNSGVVQVQQKVLGIIPSSTGTSQQTFTSFQPRTATVTIRPNTSGSGGTTSNSQVITGPQIRPGMTVIRTPLQQSTLGKAIIRTPVMVQPGAPQQVMTQIIRGQPVSTAVSAPNTVSSTPGQKSLTSATSTSNIQSSASQPPRPQQGQVKLTMAQLTQLTQGHGGNQGLTVVIQGQGQTTGQLQLIPQGVTVLPGPGQQLMQAAMPNGTVQRFLFTPLATTATTASTTTTTVSTTAAGTGEQRQSKLSPQMQVHQDKTLPPAQSSSVGPAEAQPQTAQPSAQPQPQTQPQSPAQPEVQTQPEVQTQTTVSSHVPSEAQPTHAQSSKPQVAAQSQPQSNVQGQSPVRVQSPSQTRIRPSTPSQLSPGQQSQVQTTTSQPIPIQPHTSLQIPSQGQPQSQPQVQSSTQTLSSGQTLNQVTVSSPSRPQLQIQQPQPQVIAVPQLQQQVQVLSQIQSQVVAQIQAQQSGVPQQIKLQLPIQIQQSSAVQTHQIQNVVTVQAASVQEQLQRVQQLRDQQQKKKQQQIEIKREHTLQASNQSEIIQKQVVMKHNAVIEHLKQKKSMTPAEREENQRMIVCNQVMKYILDKIDKEEKQAAKKRKREESVEQKRSKQNATKLSALLFKHKEQLRAEILKKRALLDKDLQIEVQEELKRDLKIKKEKDLMQLAQATAVAAPCPPVTPAPPAPPAPPPSPPPPPAVQHTGLLSTPTLPAASQKRKREEEKDSSSKSKKKKMISTTSKETKKDTKLYCICKTPYDESKFYIGCDRCQNWYHGRCVGILQSEAELIDEYVCPQCQSTEDAMTVLTPLTEKDYEGLKRVLRSLQAHKMAWPFLEPVDPNDAPDYYGVIKEPMDLATMEERVQRRYYEKLTEFVADMTKIFDNCRYYNPSDSPFYQCAEVLESFFVQKLKGFKASRSHNNKLQSTAS,0000000000000000000000000000000000000000000000000000000000000000000000000000000000000000000000000000000000000000000000000000000000000000000000000000000000000000000000000000000000000000000000000000000000000000000000000000000000000000000000000000000000000000000000000000000000000000000000000000000000000000000000000000000000000000000000000000000000000000000000000000000000000000000000000000000000000000000000000000000000000000000000000000000000000000000000000000000000000000000000000000000000000000000000000000000000000000000000000000000000000000000000000000000000000000000000000000000000000000000000000000000000000000000000000000000000000000000000000000000000000000000000000000000000000000000000000000000000000000000000000000000000000000000000000000000000000000000000000000000000000000000000000000000000000000000000000000000000000000000000000000000000000000000000000000000000000000000000000000000000000000000000000000000000000000000000000000000000000000000000000000000000000000000000000000000000000000000000000000000000000000000000000000000000000000000000000000000000000000000000000000000000000000000000000000000000000000000000000000000000000000000000000000000000000000000000000000000000000000000000000000000000000000000000000000000000000000000000000000000000000000000000000000000000000000000000000000000000000000000000000000000000000000000000000000000000000000000000000000000000000000000000000000000000000000000000000000000000000000000000000000000000000000000000000000000000000000000000000000000000000000000000000000000000000000000000000000000000000000000000000000000000000000000000000000000000000000000000000000000000000000000000000000000000000000000000000000000000000000000000000000000000000000000000000000000000000000000000000000000000000000000000000000000000000000000000000000000000000000000000000000000000000000000000000000000000000000000000000000000000000000000000000000000000000000000000000000000000000000000000000000000000000000000000000000000000000000000000000000000000000000000000000000000000000000000000000000000000000000000000000000000000000000000000000000000000000000000000000000000000000000000000000000000000000000000000000000000000000000000000000000000000000000000000000000000000000000000000000000000000000000000000000000000000000000000000000000000000000000000000000000000000000000000000000000000000000000000000000000000000000000000000000000000000000000000000000000000000000000000000000000000000000000000000000000000000000000000000000000000000000000000000000000000000000000000000000000000000000000000000000000000000000000000000000000000000000000000000000000000000000000000000000000000000000000000000000000000000000000000000000000000000000000000000000000000000000000000000000000000000000000000000000000000000000000000000000000000000000000000000000000000000000000000000000000000000000000000000000000000000000000000000000000000000000000000000000000000000000000000000000000010000000000000000000000000000000000000000000000000000000000000000000000000000000000000000000000000000000000000000000000000000000000000000000000000000000000000000
Q13241,MAVFKTTLWRLISGTLGIICLSLMSTLGILLKNSFTKLSIEPAFTPGPNIELQKDSDCCSCQEKWVGYRCNCYFISSEQKTWNESRHLCASQKSSLLQLQNTDELDFMSSSQQFYWIGLSYSEEHTAWLWENGSALSQYLFPSFETFNTKNCIAYNPNGNALDESCEDKNRYICKQQLI,00000000000000000000000000000000000000000000000000000000000000000000000000000000000000000000000000000000000000010100000000000000000000000000000000000000000000010100000000000000000
Q13526,MADEEKLPPGWEKRMSRSSGRVYYFNHITNASQWERPSGNSSSGGKNGQGEPARVRCSHLLVKHSQSRRPSSWRQEKITRTKEEALELINGYIQKIKSGEEDFESLASQFSDCSSAKARGDLGAFSRGQMQKPFEDASFALRTGEMSGPVFTDSGIHIILRTE,0000000000000000000000000000000001000000000000000000000000000010000000000000000000000000000000000000000000000000000000000000000000000000000000000000000000000000000
Q13951,MPRVVPDQRSKFENEEFFRKLSRECEIKYTGFRDRPHEERQARFQNACRDGRSEIAFVATGTNLSLQFFPASWQGEQRQTPSREYVDLEREAGKVYLKAPMILNGVCVIWKGWIDLQRLDGMGCLEFDEERAQQEDALAQQAFEEARRRTREFEDRDRSHREEMEVRVSQLLAVTGKKTTRP,00000000000000000000000000000000000000000000000000000000000000000000000000000000000000000000000000000001000000000000000000000000000000000000000000000000000000000000000000000000000000
Q14019,MATKIDKEACRAAYNLVRDDGSAVIWVTFKYDGSTIVPGEQGAEYQHFIQQCTDDVRLFAFVRFTTGDAMSKRSKFALITWIGENVSGLQRAKTGTDKTLVKEVVQNFAKEFVISDRKELEEDFIKSELKKAGGANYDAQTE,0000000000000000000000000000000000000000000000000000000000000000000000000010000000000000000000000000000000000000000000000000000000100000000000
Q14116,MAAEPVEDNCINFVAMKFIDNTLYFIAEDDENLESDYFGKLESKLSVIRNLNDQVLFIDQGNRPLFEDMTDSDCRDNAPRTIFIISMYKDSQPRGMAVTISVKCEKISTLSCENKIISFKEMNPPDNIKDTKSDIIFFQRSVPGHDNKMQFESSSYEGYFLACEKERDLFKLILKKEDELGDRSIMFTVQNED,0000000000000000000000000000000000000000000000000000000000000000000000000000000000000000000000000000000000000000000000000000000000000000000000011001000000000000000000000000000000000000000000000
Q14145,MQPDPRPSGAGACCRFLPLQSQCPEGAGDAVMYASTECKAEVTPSQHGNRTFSYTLEDHTKQAFGIMNELRLSQQLCDVTLQVKYQDAPAAQFMAHKVVLASSSPVFKAMFTNGLREQGMEVVSIEGIHPKVMERLIEFAYTASISMGEKCVLHVMNGAVMYQIDSVVRACSDFLVQQLDPSNAIGIANFAEQIGCVELHQRAREYIYMHFGEVAKQEEFFNLSHCQLVTLISRDDLNVRCESEVFHACINWVKYDCEQRRFYVQALLRAVRCHSLTPNFLQMQLQKCEILQSDSRCKDYLVKIFEELTLHKPTQVMPCRAPKVGRLIYTAGGYFRQSLSYLEAYNPSDGTWLRLADLQVPRSGLAGCVVGGLLYAVGGRNNSPDGNTDSSALDCYNPMTNQWSPCAPMSVPRNRIGVGVIDGHIYAVGGSHGCIHHNSVERYEPERDEWHLVAPMLTRRIGVGVAVLNRLLYAVGGFDGTNRLNSAECYYPERNEWRMITAMNTIRSGAGVCVLHNCIYAAGGYDGQDQLNSVERYDVETETWTFVAPMKHRRSALGITVHQGRIYVLGGYDGHTFLDSVECYDPDTDTWSEVTRMTSGRSGVGVAVTMEPCRKQIDQQNCTC,000000000000000000000000000000000000000000000000000000000000000000000000000000000000000000000000000000000000000000000000000000000000000000000000000000000000000000000000000000000000000000000000000000000000000000000000000000000000000000000000000000000000000000000000000000000000000000000000000000000000000000000000000000000000000000000100000000000000000000000000000000000000000000010100000000000000000000000000000000100000000000000000000100000000000000000000000000000000000000000000001000000000000000000000000000000000000000001000000000000000000000000000000000000000000000010000000000000000000000000000000000000000000000000000
Q14203,MAQSKRHVYSRTPSGSRMSAEASARPLRVGSRVEVIGKGHRGTVAYVGATLFATGKWVGVILDEAKGKNDGTVQGRKYFTCDEGHGIFVRQSQIQVFEDGADTTSPETPDSSASKVLKREGTDTTAKTSKLRGLKPKKAPTARKTTTRRPKPTRPASTGVAGASSSLGPSGSASAGELSSSEPSTPAQTPLAAPIIPTPVLTSPGAVPPLPSPSKEEEGLRAQVRDLEEKLETLRLKRAEDKAKLKELEKHKIQLEQVQEWKSKMQEQQADLQRRLKEARKEAKEALEAKERYMEEMADTADAIEMATLDKEMAEERAESLQQEVEALKERVDELTTDLEILKAEIEEKGSDGAASSYQLKQLEEQNARLKDALVRMRDLSSSEKQEHVKLQKLMEKKNQELEVVRQQRERLQEELSQAESTIDELKEQVDAALGAEEMVEMLTDRNLNLEEKVRELRETVGDLEAMNEMNDELQENARETELELREQLDMAGARVREAQKRVEAAQETVADYQQTIKKYRQLTAHLQDVNRELTNQQEASVERQQQPPPETFDFKIKFAETKAHAKAIEMELRQMEVAQANRHMSLLTAFMPDSFLRPGGDHDCVLVLLLMPRLICKAELIRKQAQEKFELSENCSERPGLRGAAGEQLSFAAGLVYSLSLLQATLHRYEHALSQCSVDVYKKVGSLYPEMSAHERSLDFLIELLHKDQLDETVNVEPLTKAIKYYQHLYSIHLAEQPEDCTMQLADHIKFTQSALDCMSVEVGRLRAFLQGGQEATDIALLLRDLETSCSDIRQFCKKIRRRMPGTDAPGIPAALAFGPQVSDTLLDCRKHLTWVVAVLQEVAAAAAQLIAPLAENEGLLVAALEELAFKASEQIYGTPSSSPYECLRQSCNILISTMNKLATAMQEGEYDAERPPSKPPPVELRAAALRAEITDAEGLGLKLEDRETVIKELKKSLKIKGEELSEANVRLSLLEKKLDSAAKDADERIEKVQTRLEETQALLRKKEKEFEETMDALQADIDQLEAEKAELKQRLNSQSKRTIEGLRGPPPSGIATLVSGIAGEEQQRGAIPGQAPGSVPGPGLVKDSPLLLQQISAMRLHISQLQHENSILKGAQMKASLASLPPLHVAKLSHEGPGSELPAGALYRKTSQLLETLNQLSTHTHVVDITRTSPAAKSPSAQLMEQVAQLKSLSDTVEKLKDEVLKETVSQRPGATVPTDFATFPSSAFLRAKEEQQDDTVYMGKVTFSCAAGFGQRHRLVLTQEQLHQLHSRLIS,000000000000000000000000000000000000000000000000000000000000000000010000000000000000000000000000000000000000000000000000000000000000000000000000000000000000000000000000000000000000000000000000000000000000000000000000000000000000000000000000000000000000000000000000000000000000000000000000000000000000000000000000000000000000000000000000000000000000000000000000000000000000000000000000000000000000000000000000000000000000000000000000000000000000000000000000000000000000000000000000000000000000000000000000000000000000000000000000000000000000000000000000000000000000000000000000000000000000000000000000000000000000000000000000000000000000000000000000000000000000000000000000000000000000000000000000000000000000000000000000000000000000000000000000000000000000000000000000000000000000000000000000000000000000000000000000000000000000000000000000000000000000000000000000000000000000000000000000000000000000000000000000000000000000000000000000000000000000000000000000000000000000000000000000000000000000000000000000000000000000000000000000000000000000000000000000000000000000000000000000000000000000000000000000000000000000000000000000000000000000000000000000000000000000000000000000000000000000000000000000000000000000000000000000000000000000000000000000000000000000000000000000000000
Q14790,MDFSRNLYDIGEQLDSEDLASLKFLSLDYIPQRKQEPIKDALMLFQRLQEKRMLEESNLSFLKELLFRINRLDLLITYLNTRKEEMERELQTPGRAQISAYRVMLYQISEEVSRSELRSFKFLLQEEISKCKLDDDMNLLDIFIEMEKRVILGEGKLDILKRVCAQINKSLLKIINDYEEFSKERSSSLEGSPDEFSNGEELCGVMTISDSPREQDSESQTLDKVYQMKSKPRGYCLIINNHNFAKAREKVPKLHSIRDRNGTHLDAGALTTTFEELHFEIKPHDDCTVEQIYEILKIYQLMDHSNMDCFICCILSHGDKGIIYGTDGQEAPIYELTSQFTGLKCPSLAGKPKVFFIQACQGDNYQKGIPVETDSEEQPYLEMDLSSPQTRYIPDEADFLLGMATVNNCVSYRNPAEGTWYIQSLCQSLRERCPRGDDILTILTEVNYEVSNKDDKKNMGKQMPQPTFTLRKKLVFPSD,00000000000000000000000000000000000000000000000000000000000000000000000010000000000000000000000000000000000000000000000000000000000000000000000000000000000000000000000000000000000000000000000000000000000000000000000000000000000000000000000000000000000000000000000000000000000000000000000000000000000000000000000000000000000000000000000000000000000000000000000000000000000000000000000000000000000000000000000000000000000000000000000000000000000000000000000000000000000000000000000
Q15257,MAEGERQPPPDSSEEAPPATQNFIIPKKEIHTVPDMGKWKRSQAYADYIGFILTLNEGVKGKKLTFEYRVSEMWNEVHEEKEQAAKQSVSCDECIPLPRAGHCAPSEAIEKLVALLNTLDRWIDETPPVDQPSRFGNKAYRTWYAKLDEEAENLVATVVPTHLAAAVPEVAVYLKESVGNSTRIDYGTGHEAAFAAFLCCLCKIGVLRVDDQIAIVFKVFNRYLEVMRKLQKTYRMEPAGSQGVWGLDDFQFLPFIWGSSQLIDHPYLEPRHFVDEKAVNENHKDYMFLECILFITEMKTGPFAEHSNQLWNISAVPSWSKVNQGLIRMYKAECLEKFPVIQHFKFGSLLPIHPVTSG,0000000000000000000000000000000000000000000000000000000000000000000000000000000000000000000000000000000000000000000000000000000000000000000000000000000000000000000000000000000000000000000000000000000000000000000000000000000000000000000000000000000000000000000000000000000000000000000000000000000000000000100000000000000000000000000000000000000000000000000000
Q15750,MAAQRRSLLQSEQQPSWTDDLPLCHLSGVGSASNRSYSADGKGTESHPPEDSWLKFRSENNCFLYGVFNGYDGNRVTNFVAQRLSAELLLGQLNAEHAEADVRRVLLQAFDVVERSFLESIDDALAEKASLQSQLPEGVPQHQLPPQYQKILERLKTLEREISGGAMAVVAVLLNNKLYVANVGTNRALLCKSTVDGLQVTQLNVDHTTENEDELFRLSQLGLDAGKIKQVGIICGQESTRRIGDYKVKYGYTDIDLLSAAKSKPIIAEPEIHGAQPLDGVTGFLVLMSEGLYKALEAAHGPGQANQEIAAMIDTEFAKQTSLDAVAQAVVDRVKRIHSDTFASGGERARFCPRHEDMTLLVRNFGYPLGEMSQPTPSPAPAAGGRVYPVSVPYSSAQSTSKTSVTLSLVMPSQGQMVNGAHSASTLDEATPTLTNQSPTLTLQSTNTHTQSSSSSSDGGLFRSRPAHSLPPGEDGRVEPYVDFAEFYRLWSVDHGEQSVVTAP,000000000000000000000000000000000000000000000000000000000000000000000000000000000000000000000000000000000000000000000000000000000000000000000000000000000000000000000000000000000000000000000000000000000000000000001001000000000000000000000000000000000000000000000000000000000000000000000000000000000000000000000000000000000000000000000000000000000000000000000000000000000000000000000000000000000000000000000000000000000000000000000000000000000000000000000000000000000000000000000000000000000000000000000000
Q16512,MASDAVQSEPRSWSLLEQLGLAGADLAAPGVQQQLELERERLRREIRKELKLKEGAENLRRATTDLGRSLGPVELLLRGSSRRLDLLHQQLQELHAHVVLPDPAATHDGPQSPGAGGPTCSATNLSRVAGLEKQLAIELKVKQGAENMIQTYSNGSTKDRKLLLTAQQMLQDSKTKIDIIRMQLRRALQAGQLENQAAPDDTQGSPDLGAVELRIEELRHHFRVEHAVAEGAKNVLRLLSAAKAPDRKAVSEAQEKLTESNQKLGLLREALERRLGELPADHPKGRLLREELAAASSAAFSTRLAGPFPATHYSTLCKPAPLTGTLEVRVVGCRDLPETIPWNPTPSMGGPGTPDSRPPFLSRPARGLYSRSGSLSGRSSLKAEAENTSEVSTVLKLDNTVVGQTSWKPCGPNAWDQSFTLELERARELELAVFWRDQRGLCALKFLKLEDFLDNERHEVQLDMEPQGCLVAEVTFRNPVIERIPRLRRQKKIFSKQQGKAFQRARQMNIDVATWVRLLRRLIPNATGTGTFSPGASPGSEARTTGDISVEKLNLGTDSDSSPQKSSRDPPSSPSSLSSPIQESTAPELPSETQETPGPALCSPLRKSPLTLEDFKFLAVLGRGHFGKVLLSEFRPSGELFAIKALKKGDIVARDEVESLMCEKRILAAVTSAGHPFLVNLFGCFQTPEHVCFVMEYSAGGDLMLHIHSDVFSEPRAIFYSACVVLGLQFLHEHKIVYRDLKLDNLLLDTEGYVKIADFGLCKEGMGYGDRTSTFCGTPEFLAPEVLTDTSYTRAVDWWGLGVLLYEMLVGESPFPGDDEEEVFDSIVNDEVRYPRFLSAEAIGIMRRLLRRNPERRLGSSERDAEDVKKQPFFRTLGWEALLARRLPPPFVPTLSGRTDVSNFDEEFTGEAPTLSPPRDARPLTAAEQAAFLDFDFVAGGC,000000000000000000000000000000000000000000000000000000000000000000000000000000000000000000000000000000000000000000000000000000000000000000000000000000000000000000000000000000000000100010000000000000000000000000000000000000000000000000000000000000000000000000000000000000000000000000000000000000000000000000000000000000000000000000000000000000000000000000000000000000000000000000000000000000000000000000000000000000000000000000000000000000000000000000000000000000000000000000000000000000000000000000000000000000000000000000000000000000000000000000000000000000000000000000000000000000000000000000000000000000000000000000000000000000000000000000000000000000000000000000000000000000000000000000000000000000000000000000000000000000000000000000000000000000000000000000000000000000000000000000000000000000000000000000000000000000000000000000000000000000000000000000000000000000000000000000000000000000000000000000000000000000000000000000000000000000
Q16832,MILIPRMLLVLFLLLPILSSAKAQVNPAICRYPLGMSGGQIPDEDITASSQWSESTAAKYGRLDSEEGDGAWCPEIPVEPDDLKEFLQIDLHTLHFITLVGTQGRHAGGHGIEFAPMYKINYSRDGTRWISWRNRHGKQVLDGNSNPYDIFLKDLEPPIVARFVRFIPVTDHSMNVCMRVELYGCVWLDGLVSYNAPAGQQFVLPGGSIIYLNDSVYDGAVGYSMTEGLGQLTDGVSGLDDFTQTHEYHVWPGYDYVGWRNESATNGYIEIMFEFDRIRNFTTMKVHCNNMFAKGVKIFKEVQCYFRSEASEWEPNAISFPLVLDDVNPSARFVTVPLHHRMASAIKCQYHFADTWMMFSEITFQSDAAMYNNSEALPTSPMAPTTYDPMLKVDDSNTRILIGCLVAIIFILLAIIVIILWRQFWQKMLEKASRRMLDDEMTVSLSLPSDSSMFNNNRSSSPSEQGSNSTYDRIFPLRPDYQEPSRLIRKLPEFAPGEEESGCSGVVKPVQPSGPEGVPHYAEADIVNLQGVTGGNTYSVPAVTMDLLSGKDVAVEEFPRKLLTFKEKLGEGQFGEVHLCEVEGMEKFKDKDFALDVSANQPVLVAVKMLRADANKNARNDFLKEIKIMSRLKDPNIIHLLAVCITDDPLCMITEYMENGDLNQFLSRHEPPNSSSSDVRTVSYTNLKFMATQIASGMKYLSSLNFVHRDLATRNCLVGKNYTIKIADFGMSRNLYSGDYYRIQGRAVLPIRWMSWESILLGKFTTASDVWAFGVTLWETFTFCQEQPYSQLSDEQVIENTGEFFRDQGRQTYLPQPAICPDSVYKLMLSCWRRDTKNRPSFQEIHLLLLQQGDE,000000000000000000000000000000000000000000000000000100000000000000000000000000000000000000000000000000000000000000000000000000000000000000000000000000000000000000000000000000000000000000000000000000000000000000000000000000000000000000000000000000000000000000000000000000000000000000000000000000000000000000000000000000000000000000000000000000000000000000000000000000000000000000000000000000000000000000000000000000000000000000000000000000000000000000000000000000000000000000000000000000000000000000000000000000000000000000000000000000000000000000000000000000000000000000000000000000000000000000000000000000000000000000000000000000000000000000000000000000000000000000000000000000000000000000000000000000000000000000000000000000000000000000000000000000000000000000000000000000000000000000000000000000000000000000000000000000000000000000000000000000000000000
Q27974,MDSSGASSPDMEPSYGGGLFDMVKGGAGRLFSNLKDNLKDTLKDTSSRVIQSVTSYTKGDLDFTYVTSRIIVMSFPLDSVDIGFRNQVDDIRSFLDSRHLDHYTVYNLSPKSYRTAKFHSRVSECSWPIRQAPSLHNLFAVCRNMYNWLLQNPKNVCVVHCLDGRAASSILVGAMFIFCNLYSTPGPAVRLLYAKRPGIGLSPSHRRYLGYMCDLLADKPYRPHFKPLTIKSITVSPVPFFNKQRNGCRPYCDVLIGETKIYTTCADFERMKEYRVQDGKIFIPLSITVQGDVVVSMYHLRSTIGSRLQAKVTNTQIFQLQFHTGFIPLDTTVLKFTKPELDACDVPEKYPQLFQVTLDVELQPHDKVMELTPPWEHYCTKDVNPSILFSSHQEHQDTLVLGGQAPIDIPPDNPRHFGQGGFFSTLCWQDQKSEKSFCEEDHAALVNQESEQSDDELLTLSSPHGNANGDKPHAARKPSKKQQEPAAPAPPEDVDLLGLEGSAVSKNFSSPAAPPSNSELLSDLFGGGGAAGPVQSGQSGVDDVFHPSGPTSTQSTPRRSATSTSASPTLRVGEGATFDPFGAPSKPSGQDLLGSFLNTASASSDPFLQPTRSPSPTVHASSTPAVNIQPDVSGAWDWHTKPGGFGMGSKSAATSPTGSSHGTPTHQNKPQTLDPFADLGTLGGSSFASKPSTPTGLGGGFPPLSSPQKASPQPMGGGWQQGGGYNWQQTQSKPQSSMPHSSPQNRPNYNVSFSSMPGGQNERGKAAANLEGKQKAADFEDLLSGQGFNAHKDKKGPRTIAEMRKEEMAKEMDPEKLKILEWIEGKERNIRALLSTMHTVLWAGETKWKPVGMADLVTPEQVKKVYRKAVLVVHPDKATGQPYEQYAKMIFMELNDAWSEFENQGQKPLY,0000000000000000000000000000000000000000000000000000000000000000000000000000000000000000000000000000000000000000000000000000000000000000000000000000000000000000000000000000000000000000000000000000000000000000000000000000000000000000000000000000000000000000000000000000000000000000000000000000000000000000000000000000000000000000000000000000000000000000000000000000000000000000000000000000000000000000000000000000000000000000000000000000000000000000000000000000000000000000000000000000000000000000000000000000000000000000000000000000000000000000000000000000000000000000000000000000000000000000000000000000000000000000000000000000000000000000000000000000000000000000000000000000000000000000000000000000000000000000000000000000000000000000000000000000000000000000000000000000000000000000000000000000000000000000000000000000000000000000000000000000000000000000000000000000000000010000000000000000000000000000000000
Q53EL6,MDVENEQILNVNPADPDNLSDSLFSGDEENAGTEEIKNEINGNWISASSINEARINAKAKRRLRKNSSRDSGRGDSVSDSGSDALRSGLTVPTSPKGRLLDRRSRSGKGRGLPKKGGAGGKGVWGTPGQVYDVEEVDVKDPNYDDDQENCVYETVVLPLDERAFEKTLTPIIQEYFEHGDTNEVAEMLRDLNLGEMKSGVPVLAVSLALEGKASHREMTSKLLSDLCGTVMSTTDVEKSFDKLLKDLPELALDTPRAPQLVGQFIARAVGDGILCNTYIDSYKGTVDCVQARAALDKATVLLSMSKGGKRKDSVWGSGGGQQSVNHLVKEIDMLLKEYLLSGDISEAEHCLKELEVPHFHHELVYEAIIMVLESTGESTFKMILDLLKSLWKSSTITVDQMKRGYERIYNEIPDINLDVPHSYSVLERFVEECFQAGIISKQLRDLCPSRGRKRFVSEGDGGRLKPESY,0000000000000000000000000000000000000000000000000000000000000000000000000000000000000000000000000000000000000000000000000000000000000000000000000000000000000000000000000000000000000000000000000000000000000000000000000000000000000000000000000000000000000000000000000000000000000000000000000000000000000000000000000000000000000000000000000000000000000000000001000000000000000000000000000000000000000000000000000000000000000000000000000000000000000000000000000000000000000
Q7A260,MTKTNSEILEQLKQASDGLLFMSESEYPFEVFLWEGSAPPVTHEIVLQQTGHGQDAPFKVVDIDSFFSRATTPQDWYEDEENAVVAKFQKLLEVIKSNLKNPQVYRLGEVELDVYVIGETPAGNLAGISTKVVET,000000000000000000000001000000000000000000000000000000000000000000000000010100000000000000000000000000000000000000000000000000000000000
Q7Z2E3,MSNVNLSVSDFWRVMMRVCWLVRQDSRHQRIRLPHLEAVVIGRGPETKITDKKCSRQQVQLKAECNKGYVKVKQVGVNPTSIDSVVIGKDQEVKLQPGQVLHMVNELYPYIVEFEEEAKNPGLETHRKRKRSGNSDSIERDAAQEAEAGTGLEPGSNSGQCSVPLKKGKDAPIKKESLGHWSQGLKISMQDPKMQVYKDEQVVVIKDKYPKARYHWLVLPWTSISSLKAVAREHLELLKHMHTVGEKVIVDFAGSSKLRFRLGYHAIPSMSHVHLHVISQDFDSPCLKNKKHWNSFNTEYFLESQAVIEMVQEAGRVTVRDGMPELLKLPLRCHECQQLLPSIPQLKEHLRKHWTQ,00000000000000000000000000000000000000000010000000010000000000000000000000000000000000000000000000000000000000000000000000000000000000000000000000000000000000000000000000000000000000000000000000000000000000000000000000000000000000000000000000000000000000000000000000000000000000000000000000000000000000000000000000000000000000000000000000000000000000000000
Q7Z434,MPFAEDKTYKYICRNFSNFCNVDVVEILPYLPCLTARDQDRLRATCTLSGNRDTLWHLFNTLQRRPGWVEYFIAALRGCELVDLADEVASVYQSYQPRTSDRPPDPLEPPSLPAERPGPPTPAAAHSIPYNSCREKEPSYPMPVQETQAPESPGENSEQALQTLSPRAIPRNPDGGPLESSSDLAALSPLTSSGHQEQDTELGSTHTAGATSSLTPSRGPVSPSVSFQPLARSTPRASRLPGPTGSVVSTGTSFSSSSPGLASAGAAEGKQGAESDQAEPIICSSGAEAPANSLPSKVPTTLMPVNTVALKVPANPASVSTVPSKLPTSSKPPGAVPSNALTNPAPSKLPINSTRAGMVPSKVPTSMVLTKVSASTVPTDGSSRNEETPAAPTPAGATGGSSAWLDSSSENRGLGSELSKPGVLASQVDSPFSGCFEDLAISASTSLGMGPCHGPEENEYKSEGTFGIHVAENPSIQLLEGNPGPPADPDGGPRPQADRKFQEREVPCHRPSPGALWLQVAVTGVLVVTLLVVLYRRRLH,000000000000000000000000000000000000000000000000000001000000000000000000000000000000000000000000000000000000000000000000000000000000000000000000000000000000000000000000000000000000000000000000000000000000000000000000000000000000000000000000000000000000000000000000000000000000000000000000000000000000000000000000000000000000000000000000000000000000000000000000000000000000000000000000000000000000000000000000000000000000000000000000000000000000000000000000000000000000000000000000000000000000000000000000000000000000000000000000000000000000
Q8K4V4,MADEDGEGIHPSTPHRNGGGGGGSGLHCAGNGGGGGGGPRVVRIVKSESGYGFNVRGQVSEGGQLRSINGELYAPLQHVSAVLPGGAADRAGVRKGDRILEVNGVNVEGATHKQVVDLIRAGEKELILTVLSVPPHEADNLDPSDDSLGQSFYDYTEKQAVPISVPTYKHVEQNGEKFVVYNVYMAGRQLCSKRYREFAILHQNLKREFANFTFPRLPGKWPFSLSEQQLDARRRGLEEYLEKVCSIRVIGESDIMQEFLSESDENYNGVSDVELRVALPDGATVTVRVKKNSTTDQVYQAIAAKVGMDSTTVNYFALFEVINHSFVRKLAPNEFPHKLYVQNYTSAVPGTCLTIRKWLFTTEEEVLLNDNDLAVTYFFHQAVDDVKKGYIKAEEKSYQLQKLYEQRKMVMYLNMLRTCEGYNEIIFPHCACDSRRKGHVITAISITHFKLHACTEEGQLENQVIAFEWDEMQRWDTDEEGMAFCFEYARGEKKPRWVKIFTPYFNYMHECFERVFCELKWRKENIFQMARSQQRDVAT,00000000000000000000000000000000000000000000000000000001000000000000000000000000000000000000000000001000000000000000000000000000000000000000000000000000000000000000000000000000000000000000000000000000000000000000000000000000000000000000000000000000000000000000000000000000000000000000000000000000000000000000000000000000000000000000000000000000000000000000000000000000000000000000000000000000000000000000000000000000000000000000000000000000000000000000000000000000000000000000000000000000000000000000000000000000000000000000000000000000000
Q8VDF2,MWIQVRTMDGKETHTVNSLSRLTKVQELRKKIEEVFHVEPQLQRLFYRGKQMEDGHTLFDYDVRLNDTIQLLVRQSLALPLSTKERDSELSDSDSGYGVGHSESDKSSTHGEGAAEADDKTVWEDTDLGLYKVNEYVDVRDNIFGAWFEAQVVQVQKRALSEDEPCSSSAVKTSEDDIMYHVKYDDYPEHGVDIVKAKNVRARARTVIPWENLEVGQVVMANYNVDYPRKRGFWYDVEICRKRQTRTARELYGNIRLLNDSQLNNCRIMFVDEVLMIELPKERRPLIASPSQPPPALRNTGKSGPSCRFCKDDENKPCRKCACHVCGGREAPEKQLLCDECDMAFHLYCLKPPLTSVPPEPEWYCPSCRTDSSEVVQAGEKLKESKKKAKMASATSSSRRDWGKGMACVGRTTECTIVPANHFGPIPGVPVGTMWRFRVQVSESGVHRPHVAGIHGRSNDGAYSLVLAGGYEDDVDNGNYFTYTGSGGRDLSGNKRTAGQSSDQKLTNNNRALALNCHSPINEKGAEAEDWRQGKPVRVVRNMKGGKHSKYAPAEGNRYDGIYKVVKYWPERGKSGFLVWRYLLRRDDTEPEPWTREGKDRTRQLGLTMQYPEGYLEALANKEKSRKRPAKALEQGPSSSKTGKSKQKSTGPTLSSPRASKKSKLEPYTLSEQQANLIKEDKGNAKLWDDVLTSLQDGPYQIFLSKVKEAFQCICCQELVFRPVTTVCQHNVCKDCLDRSFRAQVFSCPACRFELDHSSPTRVNQPLQTILNQLFPGYGSGR,00000000000000000000000000000000000000000000000000000000000000000000000000000000000000000000000000000000000000000000000000000000000000000000000000010000000000000000000000000000000000000000000000000000000000000000000000000000000000000000000000000000000000000000000000000000000000000000000000000000000000000000000000000000000000000000000000000000000000000000000000000000000000000000000000000000000000000000000000000000000000000000000000000000000000000000000000000000000000000000000000000000000000000000000000000000000000000000000000000000000000000000000000000000000000000000000000000000000000000000000000000000000000000000000000000000000000000000000000000000000000000000000000000000000000000000000000000000000000000000000000000000000000000000000000000000000000000000000000000000000000
Q931F4,MKNKYISKLLVGAATITLATMISNGEAKASENTQQTSTKHQTTQNNYVTDQQKAFYQVLHLKGITEEQRNQYIKTLREHPERAQEVFSESLKDSKNPDRRVAQQNAFYNVLKNDNLTEQEKNNYIAQIKENPDRSQQVWVESVQSSKAKERQNIENADKAIKDFQDNKAPHDKSAAYEANSKLPKDLRDKNNRFVEKVSIEKAIVRHDERVKSANDAISKLNEKDSIENRRLAQREVNKAPMDVKEHLQKQLDALVAQKDAEKKVAPKVEAPQIQSPQIEKPKAESPKVEVPQSKLLGYYQSLKDSFNYGYKYLTDTYKSYKEKYDTAKYYYNTYYKYKGAIDQTVLTVLGSGSKSYIQPLKVDDKNGYLAKSYAQVRNYVTESINTGKVLYTFYQNPTLVKTAIKAQETASSIKNTLSNLLSFWK,000000000000000000000000000000000000000000000000000000000000000000000000000000000000000000000000000000000000000000000000000000000000000000000000000000000000000000000000000000000000000000000000000000000000000000000000000000000000001000000100000000000000000000000000000000000000000000000000000000000000000000000000000000000000000000000000000000000000000000000000000000000000000000000000000000000000000000000000000000000000000000
Q96EP0,MPGEEEERAFLVAREELASALRRDSGQAFSLEQLRPLLASSLPLAARYLQLDAARLVRCNAHGEPRNYLNTLSTALNILEKYGRNLLSPQRPRYWRGVKFNNPVFRSTVDAVQGGRDVLRLYGYTEEQPDGLSFPEGQEEPDEHQVATVTLEVLLLRTELSLLLQNTHPRQQALEQLLEDKVEDDMLQLSEFDPLLREIAPGPLTTPSVPGSTPGPCFLCGSAPGTLHCPSCKQALCPACDHLFHGHPSRAHHLRQTLPGVLQGTHLSPSLPASAQPRPQSTSLLALGDSSLSSPNPASAHLPWHCAACAMLNEPWAVLCVACDRPRGCKGLGLGTEGPQGTGGLEPDLARGRWACQSCTFENEAAAVLCSICERPRLAQPPSLVVDSRDAGICLQPLQQGDALLASAQSQVWYCIHCTFCNSSPGWVCVMCNRTSSPIPAQHAPRPYASSLEKGPPKPGPPRRLSAPLPSSCGDPEKQRQDKMREEGLQLVSMIREGEAAGACPEEIFSALQYSGTEVPLQWLRSELPYVLEMVAELAGQQDPGLGAFSCQEARRAWLDRHGNLDEAVEECVRTRRRKVQELQSLGFGPEEGSLQALFQHGGDVSRALTELQRQRLEPFRQRLWDSGPEPTPSWDGPDKQSLVRRLLAVYALPSWGRAELALSLLQETPRNYELGDVVEAVRHSQDRAFLRRLLAQECAVCGWALPHNRMQALTSCECTICPDCFRQHFTIALKEKHITDMVCPACGRPDLTDDTQLLSYFSTLDIQLRESLEPDAYALFHKKLTEGVLMRDPKFLWCAQCSFGFIYEREQLEATCPQCHQTFCVRCKRQWEEQHRGRSCEDFQNWKRMNDPEYQAQGLAMYLQENGIDCPKCKFSYALARGGCMHFHCTQCRHQFCSGCYNAFYAKNKCPEPNCRVKKSLHGHHPRDCLFYLRDWTALRLQKLLQDNNVMFNTEPPAGARAVPGGGCRVIEQKEVPNGLRDEACGKETPAGYAGLCQAHYKEYLVSLINAHSLDPATLYEVEELETATERYLHVRPQPLAGEDPPAYQARLLQKLTEEVPLGQSIPRRRK,0000000000000000000000000000000000000000000000000000000000000000000000000000000001000000000000000000010000000000000000000000000000000000000000000000000000000000000000000000000000000000000000000000000000000000000000000000000000000000000000000000000000000000000000000000000000000000000000000000000000000000000000000000000000000000000000000000000000000000000000000000000000000000000000000000000000000000000000000000000000000000000000000000000000000000000000000000000000000000000000000000000000000000000000000000000000000000000000000000000000000000000000000000000000000000000000000000000000000000000000000000000000000000000000000000000000000000000000000000000000000000000000000000000000000000000000000000000000000000000000000000000000000000000000000000000000000000000000000000000000000000000000000000000000000000000000000000000000000000000000000000000000000000000000000000000000000000000000000000000000000000000000000000000000000000000000000000000000000000000000000000000000000000000000000000000000000000000000000000000000000000000000000000000000000000000000000000000000000000
Q99816,MAVSESQLKKMVSKYKYRDLTVRETVNVITLYKDLKPVLDSYVFNDGSSRELMNLTGTIPVPYRGNTYNIPICLWLLDTYPYNPPICFVKPTSSMTIKTGKHVDANGKIYLPYLHEWKHPQSDLLGLIQVMIVVFGDEPPVFSRPISASYPPYQATGPPNTSYMPGMPGGISPYPSGYPPNPSGYPGCPYPPGGPYPATTSSQYPSQPPVTTVGPSRDGTISEDTIRASLISAVSDKLRWRMKEEMDRAQAELNALKRTEEDLKKGHQKLEEMVTRLDQEVAEVDKNIELLKKKDEELSSALEKMENQSENNDIDEVIIPTAPLYKQILNLYAEENAIEDTIFYLGEALRRGVIDLDVFLKHVRLLSRKQFQLRALMQKARKTAGLSDLY,000000000000000000000000000000000000000000000000000000000000000000000000000000000000000000000010000000000000000000000000000000000000000000000000000000000000000000000000000000000000000000000000000000000000000000000000000000000000000000000000000000000000000000000000000000000000000000000000000000000000000000000000000000000000000000000000000000000000000000000000000000000000000000000000000000
Q99828,MGGSGSRLSKELLAEYQDLTFLTKQEILLAHRRFCELLPQEQRSVESSLRAQVPFEQILSLPELKANPFKERICRVFSTSPAKDSLSFEDFLDLLSVFSDTATPDIKSHYAFRIFDFDDDGTLNREDLSRLVNCLTGEGEDTRLSASEMKQLIDNILEESDIDRDGTINLSEFQHVISRSPDFASSFKIVL,00000000000000000000000000000000000000000000000000000000000000000000000000000000000000000000000000000000000000000010000000000000001000000000000000000000100000000000000000001000000000000000000
Q9H1I8,MPALPLDQLQITHKDPKTGKLRTSPALHPEQKADRYFVLYKPPPKDNIPALVEEYLERATFVANDLDWLLALPHDKFWCQVIFDETLQKCLDSYLRYVPRKFDEGVASAPEVVDMQKRLHRSVFLTFLRMSTHKESKDHFISPSAFGEILYNNFLFDIPKILDLCVLFGKGNSPLLQKMIGNIFTQQPSYYSDLDETLPTILQVFSNILQHCGLQGDGANTTPQKLEERGRLTPSDMPLLELKDIVLYLCDTCTTLWAFLDIFPLACQTFQKHDFCYRLASFYEAAIPEMESAIKKRRLEDSKLLGDLWQRLSHSRKKLMEIFHIILNQICLLPILESSCDNIQGFIEEFLQIFSSLLQEKRFLRDYDALFPVAEDISLLQQASSVLDETRTAYILQAVESAWEGVDRRKATDAKDPSVIEEPNGEPNGVTVTAEAVSQASSHPENSEEEECMGAAAAVGPAMCGVELDSLISQVKDLLPDLGEGFILACLEYYHYDPEQVINNILEERLAPTLSQLDRNLDREMKPDPTPLLTSRHNVFQNDEFDVFSRDSVDLSRVHKGKSTRKEENTRSLLNDKRAVAAQRQRYEQYSVVVEEVPLQPGESLPYHSVYYEDEYDDTYDGNQVGANDADSDDELISRRPFTIPQVLRTKVPREGQEEDDDDEEDDADEEAPKPDHFVQDPAVLREKAEARRMAFLAKKGYRHDSSTAVAGSPRGHGQSRETTQERRKKEANKATRANHNRRTMADRKRSKGMIPS,0000000000000000000000000000000000000000000000000000000000000000000000000000000000000000000000000000000000000000000000000000000000000000000000000000000000000000000000000000000000000000000000000000000000000000000000000000000000000000000000000000000000000000000000000000000000000000000000000000000000000000000000000000000000000000000000000000000000000000000000000000000000000000000000000000000000000000000000000000000000000000000000000000000000000000000000000000000000000000000000000000000000000000000000000100000000000000000000000000000000000000000000000000000000000000000000000000000000000000000000000000000000000000000000000000000000000000000000000000000000000000000000000000000000000000000000000000000000000000000000000000000000000000000000000000000000000
Q9H3P7,MAAVLNAERLEVSVDGLTLSPDPEERPGAEGAPLLPPPLPPPSPPGSGRGPGASGEQPEPGEAAAGGAAEEARRLEQRWGFGLEELYGLALRFFKEKDGKAFHPTYEEKLKLVALHKQVLMGPYNPDTCPEVGFFDVLGNDRRREWAALGNMSKEDAMVEFVKLLNRCCHLFSTYVASHKIEKEEQEKKRKEEEERRRREEEERERLQKEEEKRRREEEERLRREEEERRRIEEERLRLEQQKQQIMAALNSQTAVQFQQYAAQQYPGNYEQQQILIRQLQEQHYQQYMQQLYQVQLAQQQAALQKQQEVVVAGSSLPTSSKVNATVPSNMMSVNGQAKTHTDSSEKELEPEAAEEALENGPKESLPVIAAPSMWTRPQIKDFKEKIQQDADSVITVGRGEVVTVRVPTHEEGSYLFWEFATDNYDIGFGVYFEWTDSPNTAVSVHVSESSDDDEEEEENIGCEEKAKKNANKPLLDEIVPVYRRDCHEEVYAGSHQYPGRGVYLLKFDNSYSLWRSKSVYYRVYYTR,000000000000000000000000000000000000000000000000000000000000000000000000000000000000000000000000000000000000000000000000000000000000000000000000000000000000000000000000000000000000000000000000000000000000000000000000000000000000000000000000000000000000000001000000000000000000000000011001000000000000000000000000000000000000000000000000000000000000000000000000000000000000000000000000000000000000000000000000000000000000000000000000000000000000000000000000000000000000000000000000000000000000000000000000000000000000000000000000
Q9UJY5,MEPAMEPETLEARINRATNPLNKELDWASINGFCEQLNEDFEGPPLATRLLAHKIQSPQEWEAIQALTVLETCMKSCGKRFHDEVGKFRFLNELIKVVSPKYLGSRTSEKVKNKILELLYSWTVGLPEEVKIAEAYQMLKKQGIVKSDPKLPDDTTFPLPPPRPKNVIFEDEEKSKMLARLLKSSHPEDLRAANKLIKEMVQEDQKRMEKISKRVNAIEEVNNNVKLLTEMVMSHSQGGAAAGSSEDLMKELYQRCERMRPTLFRLASDTEDNDEALAEILQANDNLTQVINLYKQLVRGEEVNGDATAGSIPGSTSALLDLSGLDLPPAGTTYPAMPTRPGEQASPEQPSASVSLLDDELMSLGLSDPTPPSGPSLDGTGWNSFQSSDATEPPAPALAQAPSMESRPPAQTSLPASSGLDDLDLLGKTLLQQSLPPESQQVRWEKQQPTPRLTLRDLQNKSSSCSSPSSSATSLLHTVSPEPPRPPQQPVPTELSLASITVPLESIKPSNILPVTVYDQHGFRILFHFARDPLPGRSDVLVVVVSMLSTAPQPIRNIVFQSAVPKVMKVKLQPPSGTELPAFNPIVHPSAITQVLLLANPQKEKVRLRYKLTFTMGDQTYNEMGDVDQFPPPETWGSL,000000000000000000000000000000000000000000000000000000000000000000000000000000000000000000000000000000000000000000000000000000000000000000000000000000000000000000000000000000000000010000000000010011010001000000000000000000000000000000000000000000000000000000000001000000000000100010010000000000000000000000000000000000000000000000000000000000000000000000000000000000000000000000000000000000000000000000000000000000000000000000000000000000000000000000000000000000000000000000000000000000000000000000000000000000000000000000000000000000000000000000000000000000000000000000000000000000000000000000000000000000000000000000000000000000000000000
Q9ULZ3,MGRARDAILDALENLTAEELKKFKLKLLSVPLREGYGRIPRGALLSMDALDLTDKLVSFYLETYGAELTANVLRDMGLQEMAGQLQAATHQGSGAAPAGIQAPPQSAAKPGLHFIDQHRAALIARVTNVEWLLDALYGKVLTDEQYQAVRAEPTNPSKMRKLFSFTPAWNWTCKDLLLQALRESQSYLVEDLERS,000000010001001000111010111000000001000110001011001100010000010000110001000100000000000000000000000000000000000000000000000000000000000000000000000000000000000000000000000000000000000000000000000
Q9UN37,MTTSTLQKAIDLVTKATEEDKAKNYEEALRLYQHAVEYFLHAIKYEAHSDKAKESIRAKCVQYLDRAEKLKDYLRSKEKHGKKPVKENQSEGKGSDSDSEGDNPEKKKLQEQLMGAVVMEKPNIRWNDVAGLEGAKEALKEAVILPIKFPHLFTGKRTPWRGILLFGPPGTGKSYLAKAVATEANNSTFFSVSSSDLMSKWLGESEKLVKNLFELARQHKPSIIFIDEVDSLCGSRNENESEAARRIKTEFLVQMQGVGNNNDGTLVLGATNIPWVLDSAIRRRFEKRIYIPLPEEAARAQMFRLHLGSTPHNLTDANIHELARKTEGYSGADISIIVRDSLMQPVRKVQSATHFKKVCGPSRTNPSMMIDDLLTPCSPGDPGAMEMTWMDVPGDKLLEPVVCMSDMLRSLATTRPTVNADDLLKVKKFSEDFGQES,00000000000000000000000000000000000000000000000000000000000000010000000000000000000000000000000000000000000000000000000000000000000000000000000000000000000000000000000000000000000000000000000000000000000000000000000000000000000000000000000000000000000000000000000000000000000000000000000000000000000000000000000000000000000000000000000000000000000000000000000000000000000000000000000000000000000000000000000000000000000000000000000000000
Q9WV86,MSLQMIVENVKLAREYALLGNYDSAMVYYQGVLDQMNKYLYSVKDTHLRQKWQQVWQEINVEAKQVKDIMKTLESFKLDITSLQAAQHELPAAEGEVWSLPVPVERRPLPGPRKRQSSQHSDPKPHSNRPSTVVRAHRPSPQNLHNDRGKAVRSREKKEQSKGREEKNKLPAAVTEPEANKFDGTGYDKDLVEALERDIISQNPNVRWYDIADLVEAKKLLQEAVVLPMWMPEFFKGIRRPWKGVLMVGPPGTGKTLLAKAVATECKTTFFNVSSSTLTSKYRGESEKLVRLLFEMARFYSPATIFIDEIDSICSRRGTSEEHEASRRMKAELLVQMDGVGGASENDDPSKMVMVLAATNFPWDIDEALRRRLEKRIYIPLPSAKGREELLRISLRELELADDVNLASIAENMEGYSGADITNVCRDASLMAMRRRIEGLTPEEIRNLSREAMHMPTTMEDFEMALKKISKSVSAADIERYEKWIVEFGSC,00000000000000000110000000000000000000000000000000000000000000000000000000000000000000000000000000000000000000000000000000000000000000000000000000000000000000000000000000000000000000000000000000000000000000000000000000000000000000000000000000000000000000000000000000000000000000000000000000000000000000000000000000000000000000000000000000000000000000000000000000000000000000000000000000000000000000000000000000000000000000000000000000000000000000000000000000000000000000000000000000000000000
Q9Y239,MEEQGHSEMEIIPSESHPHIQLLKSNRELLVTHIRNTQCLVDNLLKNDYFSAEDAEIVCACPTQPDKVRKILDLVQSKGEEVSEFFLYLLQQLADAYVDLRPWLLEIGFSPSLLTQSKVVVNTDPVSRYTQQLRHHLGRDSKFVLCYAQKEELLLEEIYMDTIMELVGFSNESLGSLNSLACLLDHTTGILNEQGETIFILGDAGVGKSMLLQRLQSLWATGRLDAGVKFFFHFRCRMFSCFKESDRLCLQDLLFKHYCYPERDPEEVFAFLLRFPHVALFTFDGLDELHSDLDLSRVPDSSCPWEPAHPLVLLANLLSGKLLKGASKLLTARTGIEVPRQFLRKKVLLRGFSPSHLRAYARRMFPERALQDRLLSQLEANPNLCSLCSVPLFCWIIFRCFQHFRAAFEGSPQLPDCTMTLTDVFLLVTEVHLNRMQPSSLVQRNTRSPVETLHAGRDTLCSLGQVAHRGMEKSLFVFTQEEVQASGLQERDMQLGFLRALPELGPGGDQQSYEFFHLTLQAFFTAFFLVLDDRVGTQELLRFFQEWMPPAGAATTSCYPPFLPFQCLQGSGPAREDLFKNKDHFQFTNLFLCGLLSKAKQKLLRHLVPAAALRRKRKALWAHLFSSLRGYLKSLPRVQVESFNQVQAMPTFIWMLRCIYETQSQKVGQLAARGICANYLKLTYCNACSADCSALSFVLHHFPKRLALDLDNNNLNDYGVRELQPCFSRLTVLRLSVNQITDGGVKVLSEELTKYKIVTYLGLYNNQITDVGARYVTKILDECKGLTHLKLGKNKITSEGGKYLALAVKNSKSISEVGMWGNQVGDEGAKAFAEALRNHPSLTTLSLASNGISTEGGKSLARALQQNTSLEILWLTQNELNDEVAESLAEMLKVNQTLKHLWLIQNQITAKGTAQLADALQSNTGITEICLNGNLIKPEEAKVYEDEKRIICF,00000000000000000000000000000000000000001000000000000000000000000000000000000000000000000000000000000000000000000000000000000000000000000000000000000000000000000000000000000000000000000000000000000000000000000000000000000000000000000000000000000000000000000000000000000000000000000000000000000000000000000000000000000000000000000000000000000000000000000000000000000000000000000000000000000000000000000000000000000000000000000000000000000000000000000000000000000000000000000000000000000000000000000000000000000000000000000000000000000000000000000000000000000000000000000000000000000000000000000000000000000000000000000000000000000000000000000000000000000000000000000000000000000000000000000000000000000000000000000000000000000000000000000000000000000000000000000000000000000000000000000000000000000000000000000000000000000000000000000000000000000000000000000000000000000000000000000000000000000000000000000000000000000000000000000000000000000000000000000
Q9Z297,MAEYGTLLQDLTNNITLEDLEQLKSACKEDIPSEKSEEITTGSAWFSFLESHNKLDKDNLSYIEHIFEISRRPDLLTMVVDYRTRVLKISEEDELDTKLTRIPSAKKYKDIIRQPSEEEIIKLAPPPKKA,0000000000000000000000000000000000000000000000000000000000000000000000000100000000000000000000000000000000000000000000001010000110
