uniprot1	upresno	pdbrestype	mutation	pubmed	pdbid	pdbchain	pdbresno	uniprot2	unknown1	unknown2	resolution	conservation
P63165	36	F	A	16204249	1a5r	A	36	O75928	n/a	P	-1.0	9
P02829	170	G	D	9632755	1ah6	A	170	P28707	n/a	P	1.8	9
P02829	97	A	I	9632755	1ah6	A	97	P28707	n/a	P	1.8	9
P60953	17	T	N	11260256	1aje	A	17	Q9BYG5	n/a	P	-1.0	9
P60953	32	Y	K	9632678	1aje	A	32	Q07960	n/a	P	-1.0	7
P78423	71	R	A	23125415	1b2t	A	47	P49238	n/a	P	-1.0	4
Q13241	112	Q	A	18083576	1b6e	A	112	P13747	n/a	P	2.6	1
Q13241	114	F	A	18083576	1b6e	A	114	P13747	n/a	P	2.6	3
Q13241	160	N	A	18083576	1b6e	A	160	P13747	n/a	P	2.6	1
Q13241	162	L	A	18083576	1b6e	A	162	P13747	n/a	P	2.6	7
P05112	147	K	A	9799097	1bbn	A	127	P24394	2.77	P	-1.0	7
P05112	148	Y	A	9799097	1bbn	A	128	P24394	2.58	P	-1.0	8
P05112	33	E	Q	9050834	1bbn	A	13	P24394	3.12	P	-1.0	9
P05112	33	E	A	9050834	1bbn	A	13	P24394	n/a	P	-1.0	9
P05112	33	E	K	9050834	1bbn	A	13	P24394	n/a	P	-1.0	9
P05112	112	R	Q	9050834	1bbn	A	92	P24394	2.83	P	-1.0	8
P05112	112	R	A	9050834	1bbn	A	92	P24394	3.76	P	-1.0	8
P05112	112	R	D	9050834	1bbn	A	92	P24394	n/a	P	-1.0	8
P05112	113	N	R	9050834	1bbn	A	93	P24394	n/a	P	-1.0	8
P09038	245	Y	A	7929426	1bfg	A	103	P11362	3.09	P	1.6	8
P09038	282	L	A	7929426	1bfg	A	140	P11362	3.55	P	1.6	9
P09038	166	Y	A	7929426	1bfg	A	24	P11362	2.89	P	1.6	8
P09038	238	E	K	7665610	1bfg	A	96	P11362	3.3	P	1.6	9
P09038	238	E	A	7665610	1bfg	A	96	P11362	4.37	P	1.6	9
P00648	149	H	D	8507637	1bnr	A	102	P11540	4.55	P	-1.0	9
P00648	149	H	Q	8507637	1bnr	A	102	P11540	4.55	P	-1.0	9
P00648	149	H	A	7739054	1bnr	A	102	P11540	6.1	P	-1.0	9
P00648	149	H	A	9126847	1bnr	A	102	P11540	6.1	P	-1.0	9
P00648	149	H	A	8494892	1bnr	A	102	P11540	6.3	P	-1.0	9
P00648	149	H	G	8507637	1bnr	A	102	P11540	6.82	P	-1.0	9
P00648	149	H	A	8507637	1bnr	A	102	P11540	6.91	P	-1.0	9
P00648	149	H	L	8507637	1bnr	A	102	P11540	7.66	P	-1.0	9
P00648	74	K	A	7739054	1bnr	A	27	P11540	5.4	P	-1.0	9
P00648	74	K	A	8494892	1bnr	A	27	P11540	5.4	P	-1.0	9
P00648	74	K	A	9126847	1bnr	A	27	P11540	5.4	P	-1.0	9
P00648	105	N	A	8494892	1bnr	A	58	P11540	3.1	P	-1.0	9
P00648	106	R	K	8507637	1bnr	A	59	P11540	2.49	P	-1.0	7
P00648	106	R	A	8507637	1bnr	A	59	P11540	4.63	P	-1.0	7
P00648	106	R	A	7739054	1bnr	A	59	P11540	5.2	P	-1.0	7
P00648	106	R	A	8494892	1bnr	A	59	P11540	5.2	P	-1.0	7
P00648	106	R	A	9126847	1bnr	A	59	P11540	5.2	P	-1.0	7
P00648	120	E	A	9126847	1bnr	A	73	P11540	2.3	P	-1.0	9
P00648	120	E	F	9126847	1bnr	A	73	P11540	2.4	P	-1.0	9
P00648	120	E	Y	9126847	1bnr	A	73	P11540	2.4	P	-1.0	9
P00648	120	E	C	9126847	1bnr	A	73	P11540	2.5	P	-1.0	9
P00648	120	E	S	9126847	1bnr	A	73	P11540	3	P	-1.0	9
P00648	130	R	Q	7739054	1bnr	A	83	P11540	5.4	P	-1.0	9
P00648	134	R	A	7739054	1bnr	A	87	P11540	5.5	P	-1.0	9
P00648	134	R	A	9126847	1bnr	A	87	P11540	5.5	P	-1.0	9
P00648	134	R	A	8494892	1bnr	A	87	P11540	6	P	-1.0	9
P13726	172	F	A	7947809	1boy	A	140	P08709	2.3	P	2.2	6
P13726	52	K	A	7947809	1boy	A	20	P08709	2.5	P	2.2	9
P13726	52	K	A	7654692	1boy	A	20	P08709	>2	P	2.2	9
P13726	76	D	A	7947809	1boy	A	44	P08709	2.2	P	2.2	5
P13726	77	W	A	7947809	1boy	A	45	P08709	2.5	P	2.2	4
P13726	90	D	A	7654692	1boy	A	58	P08709	>2	P	2.2	9
P13726	92	T	A	7756258	1boy	A	60	P08709	2.3	P	2.2	9
P11540	30	Y	A	7739054	1bta	A	29	P00648	3.4	P	-1.0	5
P11540	36	D	A	7739054	1bta	A	35	P00648	4.5	P	-1.0	9
P11540	40	D	A	7739054	1bta	A	39	P00648	7.7	P	-1.0	9
P21836	155	Y	Q	8157652	1c2b	A	124	P0C1Z0	2.88	P	4.5	2
P21836	317	W	R	8157652	1c2b	A	286	P0C1Z0	8.45	P	4.5	1
P21836	328	F	I	8157652	1c2b	A	297	P0C1Z0	1.98	P	4.5	1
P21836	103	Y	N	8157652	1c2b	A	72	P0C1Z0	5.01	P	4.5	1
P06729	67	K	R	2444890	1cdb	A	43	P19256	n/a	P	-1.0	4
P06729	70	Q	K	2444890	1cdb	A	46	P19256	n/a	P	-1.0	5
P06729	110	Y	D	2444890	1cdb	A	86	P19256	n/a	P	-1.0	8
P06729	111	D	H	2444890	1cdb	A	87	P19256	n/a	P	-1.0	5
Q13951	104	N	A	10984496	1cl3	A	104	Q01196	2.11	P	-1.0	9
Q01196	161	T	A	12807883	1co1	A	121	Q13951	2	P	-1.0	7
Q01196	106	M	V	19202074	1co1	A	66	Q13951	n/a	P	-1.0	1
Q01196	107	A	T	19202074	1co1	A	67	Q13951	n/a	P	-1.0	9
Q01196	109	N	A	12807883	1co1	A	69	Q13951	2.22	P	-1.0	9
O15350	487	Y	A	15070730	1cok	A	1	n/a	n/a	P	-1.0	7
P01391	27	D	R	10852927	1ctx	A	27	n/a	2.28	P	2.8	4
P01391	29	F	A	10574958	1ctx	A	29	n/a	2.51	P	2.8	1
P01391	33	R	E	10852927	1ctx	A	33	n/a	3.4	P	2.8	6
P01391	49	K	E	10574958	1ctx	A	49	n/a	2.31	P	2.8	6
P01033	25	T	L	12515831	1d2b	A	2	P03956	2.68	P	-1.0	7
P01033	25	T	R	12515831	1d2b	A	2	P03956	5.04	P	-1.0	7
P01033	25	T	R	12515831	1d2b	A	2	P08254	2.37	P	-1.0	7
P01033	25	T	A	9268350	1d2b	A	2	P08254	2.73	P	-1.0	7
P01033	61	Y	A	9268350	1d2b	A	38	P08254	3.54	P	-1.0	8
P01033	91	S	A	12515831	1d2b	A	68	P03956	2.11	P	-1.0	8
P01033	91	S	E	12515831	1d2b	A	68	P03956	2.18	P	-1.0	8
P01033	91	S	R	12515831	1d2b	A	68	P03956	2.83	P	-1.0	8
P01033	91	S	Y	12515831	1d2b	A	68	P03956	2.98	P	-1.0	8
P01033	91	S	R	12515831	1d2b	A	68	P08253	2.25	P	-1.0	8
P01033	91	S	E	12515831	1d2b	A	68	P08254	2.52	P	-1.0	8
P01033	91	S	A	12515831	1d2b	A	68	P08254	3.01	P	-1.0	8
P01033	91	S	R	12515831	1d2b	A	68	P08254	3.26	P	-1.0	8
P01033	93	C	S	9268350	1d2b	A	70	P08254	4.81	P	-1.0	9
P25445	250	R	E	20935634	1ddf	A	234	Q13158	n/a	P	-1.0	9
P25445	261	E	K	20935634	1ddf	A	245	Q13158	n/a	P	-1.0	6
P25445	270	T	K	20935634	1ddf	A	254	Q13158	n/a	P	-1.0	7
P25445	272	E	K	20935634	1ddf	A	256	Q13158	n/a	P	-1.0	9
P25445	283	Q	K	20935634	1ddf	A	267	Q13158	n/a	P	-1.0	9
P25445	287	K	D	20935634	1ddf	A	271	Q13158	n/a	P	-1.0	6
Q99828	115	F	A	12023286	1dgu	A	107	n/a	n/a	P	-1.0	7
Q99828	131	L	A	12023286	1dgu	A	123	n/a	n/a	P	-1.0	5
Q99828	153	I	A	12023286	1dgu	A	145	n/a	n/a	P	-1.0	5
Q99828	173	F	A	12023286	1dgu	A	165	n/a	n/a	P	-1.0	9
P13479	33	L	A	9425068	1e0h	A	33	P09883	3.42	P	-1.0	5
P13479	34	V	A	9425068	1e0h	A	34	P09883	2.58	P	-1.0	2
P13479	41	E	A	9425068	1e0h	A	41	P09883	2.08	P	-1.0	3
P13479	50	S	A	9425068	1e0h	A	50	P09883	2.19	P	-1.0	8
P13479	51	D	A	9425068	1e0h	A	51	P09883	5.92	P	-1.0	9
P13479	54	Y	A	9425068	1e0h	A	54	P09883	4.83	P	-1.0	6
P13479	55	Y	A	9425068	1e0h	A	55	P09883	4.63	P	-1.0	8
P01051	45	L	I	9048543	1egl	A	45	P00766	4.23	P	-1.0	1
P01051	45	L	S	9048543	1egl	A	45	P00766	4.95	P	-1.0	1
P01051	45	L	G	9048543	1egl	A	45	P00766	6.03	P	-1.0	1
P01051	45	L	E	9048543	1egl	A	45	P00766	6.55	P	-1.0	1
P01051	45	L	D	9048543	1egl	A	45	P00766	6.77	P	-1.0	1
P01051	45	L	P	9048543	1egl	A	45	P00766	6.85	P	-1.0	1
Q07812	74	M	D	21199865	1f16	A	74	P10415	2.12	P	-1.0	1
Q07812	74	M	E	21199865	1f16	A	74	P10415	2.18	P	-1.0	1
Q07812	74	M	E	21199865	1f16	A	74	Q07820	2.12	P	-1.0	1
Q07812	74	M	D	21199865	1f16	A	74	Q07820	2.62	P	-1.0	1
P07363	214	F	A	21642453	1fwp	A	56	P0AE67	3.44	P	-1.0	9
P10415	145	G	A	8183370	1g5m	A	145	Q07812	n/a	P	-1.0	9
P10415	145	G	E	8183370	1g5m	A	145	Q07812	n/a	P	-1.0	9
P10415	188	W	A	8183370	1g5m	A	188	Q07812	n/a	P	-1.0	9
P35225	134	L	A	20223216	1ga3	A	101	Q14627	5.81	P	-1.0	1
P35225	137	K	A	20223216	1ga3	A	104	P78552	3.23	P	-1.0	4
P35225	137	K	A	20223216	1ga3	A	104	Q14627	2.54	P	-1.0	4
P35225	138	K	A	20223216	1ga3	A	105	Q14627	5.11	P	-1.0	1
P35225	140	F	A	20223216	1ga3	A	107	P78552	2.42	P	-1.0	1
P35225	141	R	A	20223216	1ga3	A	108	P78552	2.86	P	-1.0	7
P35225	47	I	A	20223216	1ga3	A	14	P78552	3.1	P	-1.0	9
P35225	47	I	A	20223216	1ga3	A	14	Q14627	3.72	P	-1.0	9
P35225	66	M	A	20223216	1ga3	A	33	P78552	2.33	P	-1.0	9
P62993	203	G	R	8493579	1gfc	A	47	Q07889	n/a	P	-1.0	9
P22892	753	A	D	12176391	1gyu	A	753	P42567	n/a	P	1.81	9
P22892	762	L	E	12176391	1gyu	A	762	P42567	n/a	P	1.81	8
P01050	1	V	S	1581311	1hic	A	1	P00734	2.16	P	-1.0	6
P01050	1	V	K	1581311	1hic	A	1	P00734	2.32	P	-1.0	6
P01050	1	V	E	1581311	1hic	A	1	P00734	4.39	P	-1.0	6
P01050	15	L	A	8135762	1hic	A	15	P00734	3.55	P	-1.0	5
P01050	2	V	L	1581311	1hic	A	2	P00734	2.32	P	-1.0	5
P01050	2	V	G	1581311	1hic	A	2	P00734	3.94	P	-1.0	5
P01050	2	V	E	1581311	1hic	A	2	P00734	4.28	P	-1.0	5
P01050	3	Y	A	1581311	1hic	A	3	P00734	3	P	-1.0	7
P63159	106	C	A	20547845	1hme	A	18	Q9QX05	n/a	P	-1.0	7
P01563	167	R	A	21854986	1itf	A	144	P48551	2.08	P	-1.0	9
P01563	167	R	A	10984492	1itf	A	144	P48551	2.2	P	-1.0	9
P01563	168	A	G	21854986	1itf	A	145	P48551	2.08	P	-1.0	5
P01563	168	A	G	10984492	1itf	A	145	P48551	2.2	P	-1.0	5
P01563	171	M	A	21854986	1itf	A	148	P48551	2.08	P	-1.0	3
P01563	171	M	A	10984492	1itf	A	148	P48551	2.4	P	-1.0	3
P01563	172	R	A	21854986	1itf	A	149	P48551	2.73	P	-1.0	7
P01563	172	R	A	10984492	1itf	A	149	P48551	3.2	P	-1.0	7
P01563	38	L	A	10984492	1itf	A	15	P48551	2	P	-1.0	4
P01563	53	L	V	21854986	1itf	A	30	P48551	2.23	P	-1.0	7
P01563	53	L	V	10984492	1itf	A	30	P48551	2.7	P	-1.0	7
P01563	53	L	A	10984492	1itf	A	30	P48551	3.8	P	-1.0	7
P01563	53	L	A	21854986	1itf	A	30	P48551	3.93	P	-1.0	7
P01563	56	R	K	21854986	1itf	A	33	P48551	4.5	P	-1.0	9
P01563	56	R	K	10984492	1itf	A	33	P48551	4.8	P	-1.0	9
P01563	56	R	A	10984492	1itf	A	33	P48551	5.5	P	-1.0	9
P01563	56	R	Q	10984492	1itf	A	33	P48551	6.2	P	-1.0	9
P01563	56	R	A	21854986	1itf	A	33	P48551	6.27	P	-1.0	9
Q14116	144	G	A	25500532	1j0s	A	108	Q13478	n/a	P	-1.0	7
Q14116	145	H	A	25500532	1j0s	A	109	Q13478	n/a	P	-1.0	6
Q14116	148	K	A	25500532	1j0s	A	112	Q13478	n/a	P	-1.0	7
Q7A260	24	E	Q	17138564	1j57	A	32	P38446	5.4	P	-1.0	9
Q7A260	24	E	A	17138564	1j57	A	32	P38446	5.47	P	-1.0	9
Q7A260	74	Q	A	17138564	1j57	A	82	P38446	3.23	P	-1.0	4
Q7A260	75	D	E	17138564	1j57	A	83	P38446	5.43	P	-1.0	6
Q7A260	75	D	N	17138564	1j57	A	83	P38446	5.9	P	-1.0	6
Q7A260	76	W	A	17138564	1j57	A	84	P38446	4.07	P	-1.0	7
P56279	16	D	G	11839817	1jsg	A	16	P31751	n/a	P	2.5	4
P56279	16	D	G	11839817	1jsg	A	16	P31751	n/a	P	2.5	4
P56279	74	I	V	11839817	1jsg	A	74	P31751	n/a	P	2.5	3
P0ACE3	48	D	E	21600204	1jw2	A	48	P0ACF8	n/a	P	-1.0	9
P0ACE3	48	D	N	21600204	1jw2	A	48	P0ACF8	n/a	P	-1.0	9
P0ACE3	48	D	R	21600204	1jw2	A	48	P0ACF8	n/a	P	-1.0	9
P34152	1034	L	S	12702722	1k40	A	1034	P97433	n/a	P	2.25	9
P34152	925	Y	F	7997267	1k40	A	925	Q60631	n/a	P	2.25	9
Q99816	95	M	A	12006492	1kpp	A	95	n/a	2.87	P	-1.0	9
P32797	523	I	V	10898792	1kxl	A	28	P13382	n/a	P	-1.0	2
P17728	29	Y	S	9169449	1lqh	A	11	n/a	2.81	P	-1.0	1
P17728	36	F	G	9169449	1lqh	A	18	n/a	2.89	P	-1.0	1
P17728	37	R	A	9169449	1lqh	A	19	n/a	3.22	P	-1.0	1
P17728	81	K	L	9169449	1lqh	A	63	n/a	3.19	P	-1.0	3
P17728	27	K	A	9169449	1lqh	A	9	n/a	2.18	P	-1.0	4
P17728	27	K	D	9169449	1lqh	A	9	n/a	4.37	P	-1.0	4
O95429	424	D	A	12058034	1m62	A	424	P11142	n/a	P	-1.0	9
O95429	446	Q	A	12058034	1m62	A	446	P11142	n/a	P	-1.0	9
Q16637	134	E	K	29061699	1mhn	A	134	P26378	n/a	P	1.8	9
Q9Z297	121	I	A	12456656	1n3k	A	121	n/a	n/a	P	-1.0	7
Q9Z297	121	I	R	12456656	1n3k	A	121	n/a	n/a	P	-1.0	7
Q9Z297	123	L	A	12456656	1n3k	A	123	n/a	n/a	P	-1.0	7
Q9Z297	123	L	R	12456656	1n3k	A	123	n/a	n/a	P	-1.0	7
Q9Z297	128	K	A	12456656	1n3k	A	128	n/a	n/a	P	-1.0	4
Q9Z297	128	K	E	12456656	1n3k	A	128	n/a	n/a	P	-1.0	4
Q9Z297	129	K	A	12456656	1n3k	A	129	n/a	n/a	P	-1.0	8
Q9Z297	129	K	E	12456656	1n3k	A	129	n/a	n/a	P	-1.0	8
Q9Z297	74	D	A	12456656	1n3k	A	74	n/a	n/a	P	-1.0	9
Q27974	876	D	A	12741832	1n4c	A	148	P19120	n/a	P	-1.0	9
P30403	456	R	A	8456099	1n4y	A	49	n/a	n/a	P	-1.0	1
P30403	456	R	K	8456099	1n4y	A	49	n/a	n/a	P	-1.0	1
P30403	458	D	A	8456099	1n4y	A	51	n/a	n/a	P	-1.0	6
P48551	127	W	A	10556041	1n6u	A	100	P01563	2.73	P	-1.0	1
P48551	71	T	A	11698684	1n6u	A	44	P01563	2.01	P	-1.0	6
P48551	73	M	A	21854986	1n6u	A	46	P01563	2.32	P	-1.0	6
P48551	73	M	A	10556041	1n6u	A	46	P01563	3.68	P	-1.0	6
P48551	104	E	A	21854986	1n6u	A	77	P01563	2.41	P	-1.0	5
P48551	107	V	A	21854986	1n6u	A	80	P01563	2.32	P	-1.0	2
Q13526	34	W	A	22608923	1nmv	A	34	Q969H0	n/a	P	-1.0	9
Q13526	63	K	A	22608923	1nmv	A	63	Q969H0	n/a	P	-1.0	9
P20783	241	R	A	7529173	1nt3	A	103	Q16288	2.61	P	2.4	8
P20783	241	R	K	7529173	1nt3	A	103	Q16288	2.82	P	2.4	8
P20783	149	Y	A	7529173	1nt3	A	11	P17643	2.4	P	2.4	1
P20783	206	R	A	7529173	1nt3	A	68	P17643	2.83	P	2.4	6
P00974	46	T	A	8784199	1oa5	5	11	P00760	4.05	P	-1.0	1
P00974	47	G	A	8784199	1oa5	5	12	P00760	4.35	P	-1.0	9
P00974	48	P	A	8784199	1oa5	5	13	P00760	4.05	P	-1.0	3
P00974	52	R	A	8784199	1oa5	5	17	P00760	4.05	P	-1.0	1
P00974	53	I	A	8784199	1oa5	5	18	P00760	4.97	P	-1.0	3
P00974	54	I	A	8784199	1oa5	5	19	P00760	4.05	P	-1.0	1
P00974	55	R	A	8784199	1oa5	5	20	P00760	4.05	P	-1.0	8
P00974	68	F	A	8784199	1oa5	5	33	P00760	4.05	P	-1.0	9
P00974	69	V	A	8784199	1oa5	5	34	P00760	4.05	P	-1.0	2
P00974	70	Y	A	8784199	1oa5	5	35	P00760	4.05	P	-1.0	8
P00974	71	G	A	8784199	1oa5	5	36	P00760	4.89	P	-1.0	6
P00974	72	G	A	8784199	1oa5	5	37	P00760	4.05	P	-1.0	9
P00974	74	R	A	8784199	1oa5	5	39	P00760	4.05	P	-1.0	2
P00974	81	K	A	8784199	1oa5	5	46	P00760	4.05	P	-1.0	1
P62937	125	K	R	25678563	1oca	A	125	Q13148	n/a	P	-1.0	5
P62937	126	H	Q	21593166	1oca	A	126	Q13148	n/a	P	-1.0	8
P62937	55	R	A	25678563	1oca	A	55	Q13148	n/a	P	-1.0	9
P68390	146	T	S	11171964	1omt	A	17	P00766	2.32	P	-1.0	5
P68390	146	T	C	11171964	1omt	A	17	P00766	3.28	P	-1.0	5
P68390	146	T	V	11171964	1omt	A	17	P00766	3.53	P	-1.0	5
P68390	146	T	H	11171964	1omt	A	17	P00766	3.6	P	-1.0	5
P68390	146	T	I	11171964	1omt	A	17	P00766	3.6	P	-1.0	5
P68390	146	T	Q	11171964	1omt	A	17	P00766	3.63	P	-1.0	5
P68390	146	T	R	11171964	1omt	A	17	P00766	3.83	P	-1.0	5
P68390	146	T	M	11171964	1omt	A	17	P00766	3.9	P	-1.0	5
P68390	146	T	K	11171964	1omt	A	17	P00766	4.04	P	-1.0	5
P68390	146	T	A	11171964	1omt	A	17	P00766	4.1	P	-1.0	5
P68390	146	T	W	11171964	1omt	A	17	P00766	4.1	P	-1.0	5
P68390	146	T	F	11171964	1omt	A	17	P00766	4.17	P	-1.0	5
P68390	146	T	P	11171964	1omt	A	17	P00766	4.17	P	-1.0	5
P68390	146	T	N	11171964	1omt	A	17	P00766	4.26	P	-1.0	5
P68390	146	T	L	11171964	1omt	A	17	P00766	4.35	P	-1.0	5
P68390	146	T	Y	11171964	1omt	A	17	P00766	4.41	P	-1.0	5
P68390	146	T	G	11171964	1omt	A	17	P00766	5.22	P	-1.0	5
P68390	146	T	E	11171964	1omt	A	17	P00766	6.34	P	-1.0	5
P68390	146	T	D	11171964	1omt	A	17	P00766	6.73	P	-1.0	5
P68390	148	E	H	11171964	1omt	A	19	P00766	2.06	P	-1.0	3
P68390	148	E	A	11171964	1omt	A	19	P00766	2.3	P	-1.0	3
P68390	148	E	N	11171964	1omt	A	19	P00766	2.3	P	-1.0	3
P68390	148	E	V	11171964	1omt	A	19	P00766	2.41	P	-1.0	3
P68390	148	E	P	11171964	1omt	A	19	P00766	2.55	P	-1.0	3
P68390	148	E	I	11171964	1omt	A	19	P00766	2.61	P	-1.0	3
P68390	148	E	Y	11171964	1omt	A	19	P00766	2.63	P	-1.0	3
P68390	148	E	M	11171964	1omt	A	19	P00766	2.66	P	-1.0	3
P68390	148	E	C	11171964	1omt	A	19	P00766	2.69	P	-1.0	3
P68390	148	E	S	11171964	1omt	A	19	P00766	2.76	P	-1.0	3
P68390	148	E	L	11171964	1omt	A	19	P00766	2.83	P	-1.0	3
P68390	148	E	T	11171964	1omt	A	19	P00766	2.87	P	-1.0	3
P68390	148	E	W	11171964	1omt	A	19	P00766	3.12	P	-1.0	3
P68390	148	E	K	11171964	1omt	A	19	P00766	3.54	P	-1.0	3
P68390	148	E	F	11171964	1omt	A	19	P00766	3.57	P	-1.0	3
P68390	148	E	G	11171964	1omt	A	19	P00766	3.57	P	-1.0	3
P68390	148	E	R	11171964	1omt	A	19	P00766	3.63	P	-1.0	3
P68390	150	R	V	11171964	1omt	A	21	P00766	2.04	P	-1.0	1
P68390	150	R	I	11171964	1omt	A	21	P00766	2.08	P	-1.0	1
P68390	150	R	W	11171964	1omt	A	21	P00766	2.41	P	-1.0	1
P68390	150	R	Q	11171964	1omt	A	21	P00766	2.44	P	-1.0	1
P68390	150	R	M	11171964	1omt	A	21	P00766	2.58	P	-1.0	1
P68390	150	R	T	11171964	1omt	A	21	P00766	2.63	P	-1.0	1
P68390	150	R	H	11171964	1omt	A	21	P00766	2.76	P	-1.0	1
P68390	150	R	L	11171964	1omt	A	21	P00766	2.79	P	-1.0	1
P68390	150	R	F	11171964	1omt	A	21	P00766	2.91	P	-1.0	1
P68390	150	R	Y	11171964	1omt	A	21	P00766	2.96	P	-1.0	1
P68390	150	R	S	11171964	1omt	A	21	P00766	3.14	P	-1.0	1
P68390	150	R	A	11171964	1omt	A	21	P00766	3.15	P	-1.0	1
P68390	150	R	G	11171964	1omt	A	21	P00766	3.44	P	-1.0	1
P68390	150	R	C	11171964	1omt	A	21	P00766	3.47	P	-1.0	1
P68390	150	R	E	11171964	1omt	A	21	P00766	3.47	P	-1.0	1
P68390	150	R	N	11171964	1omt	A	21	P00766	3.47	P	-1.0	1
P68390	150	R	D	11171964	1omt	A	21	P00766	3.73	P	-1.0	1
P68390	150	R	P	11171964	1omt	A	21	P00766	7.19	P	-1.0	1
P54725	333	P	E	11087358	1oqy	A	333	P12520	n/a	P	-1.0	9
P23561	59	I	R	15327964	1ow5	A	59	P25344	n/a	P	-1.0	9
Q9UJY5	182	L	A	15143060	1oxz	A	182	P84077	n/a	P	2.8	9
Q9UJY5	194	N	A	15143060	1oxz	A	194	P84077	n/a	P	2.8	9
Q9UJY5	197	I	A	15143060	1oxz	A	197	P84077	n/a	P	2.8	9
Q9UJY5	198	K	A	15143060	1oxz	A	198	P84077	n/a	P	2.8	8
Q9UJY5	200	M	A	15143060	1oxz	A	200	P84077	n/a	P	2.8	8
Q9UJY5	204	D	A	15143060	1oxz	A	204	P84077	n/a	P	2.8	9
Q9UJY5	259	M	K	15143060	1oxz	A	259	Q15276	n/a	P	2.8	6
Q9UJY5	260	R	E	15143060	1oxz	A	260	Q15276	n/a	P	2.8	9
Q9UJY5	264	F	A	15143060	1oxz	A	264	Q15276	n/a	P	2.8	6
Q9UJY5	267	A	D	15143060	1oxz	A	267	Q15276	n/a	P	2.8	9
Q9UJY5	277	L	A	15143060	1oxz	A	277	Q15276	n/a	P	2.8	9
Q9UJY5	281	L	A	15143060	1oxz	A	281	Q15276	n/a	P	2.8	9
Q9UJY5	284	N	A	15143060	1oxz	A	284	Q15276	n/a	P	2.8	8
Q9UJY5	284	N	S	15143060	1oxz	A	284	Q15276	n/a	P	2.8	8
Q13501	406	F	V	15340068	1q02	A	22	n/a	n/a	P	-1.0	8
Q13501	417	L	V	15340068	1q02	A	33	n/a	n/a	P	-1.0	8
P40343	270	S	D	11988742	1q0v	A	270	n/a	n/a	P	-1.0	9
P40343	313	S	D	11988742	1q0v	A	313	n/a	n/a	P	-1.0	9
P02640	814	W	A	16142894	1qqv	A	64	n/a	n/a	P	-1.0	9
P02640	814	W	Y	16142894	1qqv	A	64	n/a	n/a	P	-1.0	9
P17427	837	F	A	10380931	1qts	A	837	Q61548	n/a	P	1.4	9
P17427	840	W	A	10380931	1qts	A	840	P42567	n/a	P	1.4	9
P17427	840	W	A	10380931	1qts	A	840	Q61548	n/a	P	1.4	9
P17427	840	W	A	10380931	1qts	A	840	Q7TQF7	n/a	P	1.4	9
P17427	840	W	A	10380931	1qts	A	840	n/a	n/a	P	1.4	9
P17427	840	W	A	10380931	1qts	A	840	n/a	n/a	P	1.4	9
P17427	907	E	A	10380931	1qts	A	907	Q61548	n/a	P	1.4	9
P17427	907	E	A	10380931	1qts	A	907	Q7TQF7	n/a	P	1.4	9
P17427	920	R	A	10380931	1qts	A	920	Q61548	n/a	P	1.4	9
P17427	920	R	A	10380931	1qts	A	920	Q7TQF7	n/a	P	1.4	9
P04049	59	R	A	11292826	1rfa	A	59	P01112	2.04	P	-1.0	8
P04049	67	R	A	15236966	1rfa	A	67	P01112	2	P	-1.0	8
P04049	84	K	A	11292826	1rfa	A	84	P01112	2.04	P	-1.0	9
P04049	84	K	A	15236966	1rfa	A	84	P01112	2.2	P	-1.0	9
P04049	84	K	A	15236966	1rfa	A	84	n/a	2	P	-1.0	9
P01236	208	H	A	20889499	1rw5	A	180	P16471	2.03	P	-1.0	4
P01236	208	H	A	20889499	1rw5	A	180	P16471	2.04	P	-1.0	4
P01236	208	H	A	20889499	1rw5	A	180	P16471	2.2	P	-1.0	4
P01236	208	H	A	20889499	1rw5	A	180	P16471	2.21	P	-1.0	4
P01236	208	H	A	20889499	1rw5	A	180	P16471	2.27	P	-1.0	4
P01236	208	H	A	20889499	1rw5	A	180	P16471	2.45	P	-1.0	4
Q9P0R6	130	L	P	27484798	1sgo	A	130	P49841	n/a	P	-1.0	9
Q9P0R6	42	N	I	27484798	1sgo	A	42	n/a	n/a	P	-1.0	5
P10600	394	R	K	19161338	1tgk	A	94	P37173	2.3	P	3.3	2
P10600	394	R	A	19161338	1tgk	A	94	P37173	3	P	3.3	2
O75832	182	E	A	10613832	1tr4	A	182	P06400	n/a	P	-1.0	4
Q16512	181	R	A	24248594	1urf	A	181	D0ZVG2	n/a	P	-1.0	8
Q16512	185	R	A	24248594	1urf	A	185	D0ZVG2	n/a	P	-1.0	3
Q14315	2669	M	D	15642266	1v05	A	2669	Q14315	n/a	P	1.43	4
P41743	72	D	A	15143057	1vd2	A	63	Q13501	n/a	P	-1.0	9
O94888	459	P	G	22537386	1wj4	A	90	P55072	n/a	P	-1.0	9
Q14596	50	D	R	12813044	1wj6	A	60	n/a	n/a	P	-1.0	9
Q14019	131	K	A	11297527	1wnj	A	134	P09917	n/a	P	-1.0	7
Q14019	131	K	Q	11297527	1wnj	A	134	P09917	n/a	P	-1.0	7
Q14019	75	K	A	11583571	1wnj	A	78	n/a	n/a	P	-1.0	9
O43639	234	W	K	11240126	1wx6	A	54	Q14185	n/a	P	-1.0	9
P02545	358	E	K	31548606	1x8y	A	358	Q0D2I5	n/a	P	2.2	6
P02545	386	R	M	31548606	1x8y	A	386	Q0D2I5	n/a	P	2.2	9
P40515	80	L	P	12163467	1y8m	A	80	P47025	n/a	P	-1.0	8
Q9NPD8	60	R	E	24389026	1yh2	A	60	Q9NW38	n/a	P	2	6
Q9UN37	13	V	D	18606141	1yxr	A	13	Q96FZ7	n/a	P	-1.0	8
Q9UN37	64	L	A	18606141	1yxr	A	64	Q96FZ7	n/a	P	-1.0	8
O75475	365	I	A	15895093	1z9e	A	365	P12497	n/a	P	-1.0	2
O75475	366	D	A	15895093	1z9e	A	366	P12497	n/a	P	-1.0	2
O75475	366	D	N	15895093	1z9e	A	366	P12497	n/a	P	-1.0	2
O75475	406	F	A	15895093	1z9e	A	406	P12497	n/a	P	-1.0	7
P62593	102	E	K	21294157	1zg4	A	104	P35804	2.2	P	1.55	2
P62593	102	E	A	17070843	1zg4	A	104	P35804	2.34	P	1.55	2
P62593	102	E	A	24947275	1zg4	A	104	P35804	2.83	P	1.55	2
P62593	102	E	D	21294157	1zg4	A	104	P35804	3.6	P	1.55	2
P62593	102	E	K	9891008	1zg4	A	104	P35804	4.23	P	1.55	2
P62593	103	Y	A	24947275	1zg4	A	105	O87916	2.29	P	1.55	6
P62593	109	K	A	24947275	1zg4	A	111	O87916	2.18	P	1.55	1
P62593	127	M	A	24947275	1zg4	A	129	O87916	2.56	P	1.55	2
Q06449	91	W	S	21777813	1zx6	A	37	Q12446	n/a	P	1.6	9
O88838	120	Y	A	20603330	2afj	A	120	P29477	n/a	P	-1.0	9
O88838	120	Y	F	20603330	2afj	A	120	P29477	n/a	P	-1.0	9
O88838	120	Y	A	16369487	2afj	A	120	Q925B0	n/a	P	-1.0	9
O88838	206	V	A	20603330	2afj	A	206	P29477	n/a	P	-1.0	9
O88838	206	V	A	16369487	2afj	A	206	Q925B0	n/a	P	-1.0	9
O88838	207	W	A	20603330	2afj	A	207	P29477	n/a	P	-1.0	8
P08887	279	I	D	8467812	2arw	A	69	P05231	n/a	P	-1.0	9
P08887	217	D	V	8467812	2arw	A	7	P05231	n/a	P	-1.0	9
P08887	291	Q	K	8467812	2arw	A	81	P05231	n/a	P	-1.0	9
P08887	293	R	G	8467812	2arw	A	83	P05231	n/a	P	-1.0	8
P36006	1158	W	S	10648568	2btt	A	1159	Q12446	n/a	P	-1.0	9
Q14203	68	K	A	17828275	2coy	A	75	P30622	n/a	P	-1.0	8
Q14203	90	R	E	17828275	2coy	A	97	P30622	n/a	P	-1.0	8
O43791	131	W	A	19818708	2cr2	A	111	O75367	n/a	P	-1.0	1
O43791	131	W	A	19818708	2cr2	A	111	n/a	n/a	P	-1.0	1
P15498	696	R	L	8986718	2crh	A	53	P43405	n/a	P	-1.0	9
O76064	42	R	A	18001824	2csw	A	42	Q14676	n/a	P	-1.0	9
Q9NXW2	138	H	Q	21150129	2ctp	A	36	P11142	n/a	P	-1.0	9
Q9JI78	41	N	P	16709668	2d5u	A	46	Q01853	n/a	P	-1.0	9
Q9Y239	41	V	A	17054981	2dbd	A	32	O43353	n/a	P	-1.0	5
Q9Y239	53	E	K	17054981	2dbd	A	44	O43353	n/a	P	-1.0	9
Q9Y239	54	D	K	17054981	2dbd	A	45	O43353	n/a	P	-1.0	8
Q9Y239	56	E	K	17054981	2dbd	A	47	O43353	n/a	P	-1.0	8
Q9Y239	69	R	E	17054981	2dbd	A	60	O43353	n/a	P	-1.0	9
Q9H1I8	506	L	A	29144457	2di0	A	51	n/a	n/a	P	-1.0	9
Q96QB1	475	F	G	19158340	2dky	A	45	P68104	n/a	P	-1.0	3
Q96QB1	476	L	G	19158340	2dky	A	46	P68104	n/a	P	-1.0	3
Q8N0X7	24	F	D	20719964	2dl1	A	23	P53990	n/a	P	-1.0	7
P32657	220	E	L	15647753	2dy7	A	220	n/a	n/a	P	-1.0	5
P32657	220	E	W	17433364	2dy7	A	220	n/a	n/a	P	-1.0	5
O43189	41	W	A	23142980	2e5p	A	20	Q6TXQ4	2.47	P	-1.0	8
O43189	47	Y	A	23142980	2e5p	A	26	Q6TXQ4	n/a	P	-1.0	9
O43189	47	Y	A	23273982	2e5p	A	26	n/a	n/a	P	-1.0	9
O43189	65	F	A	23273982	2e5p	A	44	n/a	n/a	P	-1.0	9
O43189	71	F	A	23273982	2e5p	A	50	n/a	n/a	P	-1.0	6
P54762	928	Y	F	12223469	2eao	A	37	Q14451	n/a	P	-1.0	9
Q9QUN3	373	R	L	18369315	2eo6	A	51	P48025	n/a	P	-1.0	9
P46108	150	D	K	8662907	2eyz	A	150	Q14185	n/a	P	-1.0	9
P46108	169	W	K	31311869	2eyz	A	169	Q6ZS72	n/a	P	-1.0	9
P46108	169	W	L	12432078	2eyz	A	169	Q9H7D0	n/a	P	-1.0	9
P07567	57	R	F	18647839	2f76	X	57	n/a	n/a	P	-1.0	2
P53141	114	G	D	15210731	2fce	A	114	P19524	n/a	P	-1.0	8
Q12830	2882	Y	S	16728978	2fui	A	23	n/a	2.14	P	-1.0	8
Q12830	2886	D	A	16728978	2fui	A	27	n/a	2.14	P	-1.0	8
Q53EL6	358	H	A	19153607	2ggf	A	358	P60842	2.21	P	-1.0	7
P06730	73	W	A	22578813	2gpq	A	73	Q13541	n/a	P	-1.0	9
P51532	1539	F	A	17274598	2grc	A	1539	n/a	n/a	P	1.5	7
P51532	1540	N	A	17274598	2grc	A	1540	n/a	n/a	P	1.5	9
P61964	107	D	N	16829960	2h14	A	107	n/a	2.22	P	1.48	1
P61964	107	D	A	16600877	2h14	A	107	n/a	n/a	P	1.48	1
P61964	133	F	A	16829960	2h14	A	133	n/a	2.22	P	1.48	1
P61964	133	F	L	16829960	2h14	A	133	n/a	2.22	P	1.48	1
P61964	133	F	D	16600877	2h14	A	133	n/a	n/a	P	1.48	1
P61964	225	N	A	21220120	2h14	A	225	Q15291	n/a	P	1.48	7
P61964	240	L	K	21220120	2h14	A	240	Q15291	n/a	P	1.48	7
P61964	263	F	A	16829960	2h14	A	263	n/a	2.22	P	1.48	6
P61964	263	F	W	16829960	2h14	A	263	n/a	2.22	P	1.48	6
P61964	321	L	A	16829960	2h14	A	321	n/a	n/a	P	1.48	7
P61964	322	E	A	16600877	2h14	A	322	n/a	n/a	P	1.48	3
P61964	47	A	E	16600877	2h14	A	47	n/a	n/a	P	1.48	1
P61964	91	S	F	16600877	2h14	A	91	n/a	n/a	P	1.48	1
P05161	99	R	A	29100055	2hj8	A	106	P20701	n/a	P	-1.0	1
P05161	101	T	A	29100055	2hj8	A	108	P20701	n/a	P	-1.0	6
P05161	103	T	A	29100055	2hj8	A	110	P20701	n/a	P	-1.0	6
O60885	433	N	A	22464331	2i8n	A	82	n/a	n/a	P	-1.0	9
Q15257	305	E	A	16916641	2ixm	A	270	P67775	n/a	P	1.5	9
Q15257	325	G	D	16916641	2ixm	A	290	P67775	n/a	P	1.5	9
Q15257	329	M	D	16916641	2ixm	A	294	P67775	n/a	P	1.5	9
Q15750	213	D	A	17560374	2j4o	A	213	P98170	n/a	P	2.25	7
Q15750	216	F	A	17560374	2j4o	A	216	P98170	n/a	P	2.25	3
Q931F4	231	R	A	18550524	2jvg	A	231	P01024	n/a	P	-1.0	8
Q931F4	238	N	A	18550524	2jvg	A	238	P01024	n/a	P	-1.0	9
O75554	150	W	A	19592703	2jxw	A	29	Q9Y2W2	n/a	P	-1.0	8
O75554	191	W	A	19592703	2jxw	A	70	Q9Y2W2	n/a	P	-1.0	9
P0CG48	616	L	A	10518943	2k25	A	16	P15374	2.77	P	-1.0	2
P0CG48	682	R	L	10518943	2k25	A	82	P15374	2.46	P	-1.0	6
P15891	569	W	A	11668184	2k3b	A	36	n/a	n/a	P	-1.0	9
O14907	20	K	A	16855024	2kg2	A	20	P48050	n/a	P	-1.0	7
O14907	90	H	A	16855024	2kg2	A	90	P48050	n/a	P	-1.0	9
P24522	77	L	E	20460379	2kg4	A	77	O14965	n/a	P	-1.0	9
O95760	149	D	K	23980170	2kll	A	39	Q01638	n/a	P	-1.0	7
Q9ULZ3	12	L	A	15641782	2kn6	A	12	Q9ULZ3	n/a	P	-1.0	9
Q9ULZ3	13	E	W	15456791	2kn6	A	13	Q9NX02	n/a	P	-1.0	7
Q9ULZ3	15	L	A	15641782	2kn6	A	15	Q9ULZ3	n/a	P	-1.0	9
Q9ULZ3	19	E	A	15641782	2kn6	A	19	Q9ULZ3	n/a	P	-1.0	6
Q9ULZ3	20	L	A	15641782	2kn6	A	20	Q9ULZ3	n/a	P	-1.0	6
Q9ULZ3	21	K	A	18362139	2kn6	A	21	Q99575	n/a	P	-1.0	5
Q9ULZ3	21	K	A	15641782	2kn6	A	21	Q9ULZ3	n/a	P	-1.0	5
Q9ULZ3	21	K	E	15641782	2kn6	A	21	Q9ULZ3	n/a	P	-1.0	5
Q9ULZ3	21	K	Q	15641782	2kn6	A	21	Q9ULZ3	n/a	P	-1.0	5
Q9ULZ3	23	F	A	15641782	2kn6	A	23	Q9ULZ3	n/a	P	-1.0	9
Q9ULZ3	25	L	A	15641782	2kn6	A	25	Q9ULZ3	n/a	P	-1.0	2
Q9ULZ3	25	L	E	15641782	2kn6	A	25	Q9ULZ3	n/a	P	-1.0	2
Q9ULZ3	25	L	G	15641782	2kn6	A	25	Q9ULZ3	n/a	P	-1.0	2
Q9ULZ3	25	L	K	15641782	2kn6	A	25	Q9ULZ3	n/a	P	-1.0	2
Q9ULZ3	25	L	N	15641782	2kn6	A	25	Q9ULZ3	n/a	P	-1.0	2
Q9ULZ3	25	L	Q	15641782	2kn6	A	25	Q9ULZ3	n/a	P	-1.0	2
Q9ULZ3	26	K	A	15641782	2kn6	A	26	Q9ULZ3	n/a	P	-1.0	6
Q9ULZ3	26	K	Q	15641782	2kn6	A	26	Q9ULZ3	n/a	P	-1.0	6
Q9ULZ3	27	L	A	15641782	2kn6	A	27	Q9ULZ3	n/a	P	-1.0	9
Q9ULZ3	36	Y	A	18362139	2kn6	A	36	Q99575	n/a	P	-1.0	5
Q9ULZ3	40	P	A	15641782	2kn6	A	40	Q9ULZ3	n/a	P	-1.0	7
Q9ULZ3	41	R	A	15641782	2kn6	A	41	Q9ULZ3	n/a	P	-1.0	6
Q9ULZ3	41	R	Q	15641782	2kn6	A	41	Q9ULZ3	n/a	P	-1.0	6
Q9ULZ3	41	R	W	15641782	2kn6	A	41	Q9ULZ3	n/a	P	-1.0	6
Q9ULZ3	45	L	A	15641782	2kn6	A	45	Q9ULZ3	n/a	P	-1.0	7
Q9ULZ3	47	M	A	15641782	2kn6	A	47	Q9ULZ3	n/a	P	-1.0	8
Q9ULZ3	47	M	N	15641782	2kn6	A	47	Q9ULZ3	n/a	P	-1.0	8
Q9ULZ3	47	M	Q	15641782	2kn6	A	47	Q9ULZ3	n/a	P	-1.0	8
Q9ULZ3	48	D	A	15641782	2kn6	A	48	Q9ULZ3	n/a	P	-1.0	7
Q9ULZ3	48	D	E	15641782	2kn6	A	48	Q9ULZ3	n/a	P	-1.0	7
Q9ULZ3	48	D	N	15641782	2kn6	A	48	Q9ULZ3	n/a	P	-1.0	7
Q9ULZ3	48	D	R	15641782	2kn6	A	48	Q9ULZ3	n/a	P	-1.0	7
Q9ULZ3	51	D	A	15641782	2kn6	A	51	Q9ULZ3	n/a	P	-1.0	6
Q9ULZ3	51	D	K	15641782	2kn6	A	51	Q9ULZ3	n/a	P	-1.0	6
Q9ULZ3	51	D	N	15641782	2kn6	A	51	Q9ULZ3	n/a	P	-1.0	6
Q9ULZ3	52	L	A	15641782	2kn6	A	52	Q9ULZ3	n/a	P	-1.0	7
Q9ULZ3	56	L	A	15641782	2kn6	A	56	Q9ULZ3	n/a	P	-1.0	8
Q9ULZ3	62	E	A	15641782	2kn6	A	62	Q9ULZ3	n/a	P	-1.0	7
Q9ULZ3	67	E	A	15641782	2kn6	A	67	Q9ULZ3	n/a	P	-1.0	3
Q9ULZ3	68	L	A	15641782	2kn6	A	68	Q9ULZ3	n/a	P	-1.0	8
Q9ULZ3	72	V	A	15641782	2kn6	A	72	Q9ULZ3	n/a	P	-1.0	7
Q9ULZ3	76	M	A	15641782	2kn6	A	76	Q9ULZ3	n/a	P	-1.0	8
Q9ULZ3	8	I	A	15641782	2kn6	A	8	Q9ULZ3	n/a	P	-1.0	8
O14745	355	F	R	15020681	2krg	A	355	P26038	n/a	P	-1.0	9
P35189	80	G	K	27089029	2l7e	A	80	P61830	n/a	P	-1.0	9
P35189	80	G	L	27089029	2l7e	A	80	P61830	n/a	P	-1.0	9
P35189	80	G	M	27089029	2l7e	A	80	P61830	n/a	P	-1.0	9
P35189	81	W	A	26341557	2l7e	A	81	P61830	n/a	P	-1.0	9
O43683	106	A	D	17981135	2lah	A	116	Q8NG31	n/a	P	-1.0	9
O43683	106	A	W	17981135	2lah	A	116	Q8NG31	n/a	P	-1.0	9
O43683	122	L	G	17981135	2lah	A	132	Q8NG31	n/a	P	-1.0	4
O43683	130	A	S	19487456	2lah	A	140	O60566	n/a	P	-1.0	9
P71590	459	R	A	22275220	2lc1	A	32	P9WJK3	3.05	P	-1.0	9
P71590	474	R	A	22275220	2lc1	A	47	P9WJK3	2.26	P	-1.0	8
P16471	212	H	A	20889499	2lfg	A	188	P01236	2.24	P	-1.0	6
P16471	212	H	A	20889499	2lfg	A	188	P01236	2.59	P	-1.0	6
P16471	212	H	A	20889499	2lfg	A	188	P01236	2.63	P	-1.0	6
P16471	212	H	A	20889499	2lfg	A	188	P01236	2.64	P	-1.0	6
P16471	212	H	A	20889499	2lfg	A	188	P01236	2.64	P	-1.0	6
P16471	212	H	A	20889499	2lfg	A	188	P01236	2.66	P	-1.0	6
P16471	212	H	A	20889499	2lfg	A	188	P01236	2.7	P	-1.0	6
P16471	212	H	A	20889499	2lfg	A	188	P01236	2.7	P	-1.0	6
Q14289	881	Y	F	20521079	2lk4	A	11	P62993	n/a	P	-1.0	9
P03709	92	H	A	22801427	2lsm	A	92	P03713	n/a	P	-1.0	9
P9WIA1	146	L	A	22087003	2luo	A	146	Q9UI12	n/a	P	-1.0	2
O95786	172	K	R	17392790	2lwd	A	172	Q7Z434	n/a	P	-1.0	5
P32851	233	I	A	18337752	2m8r	A	233	P61765	3.24	P	-1.0	9
Q5D734	48	I	R	18477456	2mbk	A	21	P12643	2.27	P	-1.0	8
P55265	801	R	A	24753571	2mdr	A	801	Q92973	n/a	P	-1.0	8
O15357	47	R	G	11158326	2mk2	A	39	Q08999	n/a	P	-1.0	9
Q7Z434	54	T	A	17709747	2ms8	A	54	n/a	n/a	P	-1.0	7
O60493	160	R	A	30213940	2mxc	A	160	Q96QK1	n/a	P	-1.0	7
O60493	22	Y	A	30213940	2mxc	A	22	Q96QK1	n/a	P	-1.0	9
O60493	50	E	K	30213940	2mxc	A	50	Q96QK1	n/a	P	-1.0	7
Q9H3P7	258	F	A	27009356	2n72	A	19	Q9UBF8	n/a	P	-1.0	9
Q9H3P7	284	H	A	27009356	2n72	A	45	Q9UBF8	n/a	P	-1.0	9
Q9H3P7	285	Y	A	27009356	2n72	A	46	Q9UBF8	n/a	P	-1.0	8
Q9H3P7	288	Y	A	27009356	2n72	A	49	Q9UBF8	n/a	P	-1.0	9
O43353	444	R	E	17054981	2n7z	A	11	Q9Y239	n/a	P	-1.0	9
O43353	483	R	E	17054981	2n7z	A	50	Q9Y239	n/a	P	-1.0	8
O43353	488	R	E	17054981	2n7z	A	55	Q9Y239	n/a	P	-1.0	9
P32628	45	I	A	20427284	2nbu	A	45	P54860	2.88	P	-1.0	9
P78560	121	N	D	17289572	2o71	A	121	Q9HB75	n/a	P	2	6
P78560	125	Q	A	17289572	2o71	A	125	Q9HB75	n/a	P	2	3
P78560	146	Y	A	17289572	2o71	A	146	Q9HB75	n/a	P	2	4
P78560	147	R	A	17289572	2o71	A	147	Q9HB75	n/a	P	2	6
P78560	147	R	E	17289572	2o71	A	147	Q9HB75	n/a	P	2	6
P78560	149	K	E	17289572	2o71	A	149	Q9HB75	n/a	P	2	7
P78560	156	V	D	17289572	2o71	A	156	Q9HB75	n/a	P	2	1
P78560	169	Q	E	17289572	2o71	A	169	Q9HB75	n/a	P	2	7
P0AAM3	2	C	A	10783387	2ot2	A	2	P16431	n/a	P	-1.0	9
P0AAM3	2	C	R	10783387	2ot2	A	2	P16431	n/a	P	-1.0	9
P0AAM3	2	C	S	10783387	2ot2	A	2	P16431	n/a	P	-1.0	9
Q9WV86	18	L	A	28436967	2rpa	A	18	Q8CJ27	n/a	P	-1.0	7
Q9WV86	19	L	A	28436967	2rpa	A	19	Q8CJ27	n/a	P	-1.0	7
P05230	133	K	E	11964394	2rq9	A	113	Q96AG4	n/a	P	-1.0	9
Q16832	52	W	A	20004161	2z4f	A	52	n/a	n/a	P	-1.0	1
P78543	103	W	A	18974182	3dju	B	103	Q9UIV1	n/a	P	2.26	9
P78543	103	W	A	23236473	3dju	B	103	Q9UIV1	n/a	P	2.26	9
P78543	105	D	A	18974182	3dju	B	105	Q9UIV1	n/a	P	2.26	9
P78543	105	D	A	23236473	3dju	B	105	Q9UIV1	n/a	P	2.26	9
P78543	65	Y	A	18974182	3dju	B	65	Q9UIV1	n/a	P	2.26	7
P78543	65	Y	A	23236473	3dju	B	65	Q9UIV1	n/a	P	2.26	7
P78543	75	D	A	23236473	3dju	B	75	Q9UIV1	n/a	P	2.26	9
Q84Y95	97	C	S	24203231	3ipz	A	97	Q84W65	n/a	P	2.4	9
O75530	148	Y	A	20974918	3jzn	A	148	P62805	n/a	P	2.6	8
O75530	364	W	A	20974918	3jzn	A	364	P62805	n/a	P	2.6	9
O75530	364	W	L	20974918	3jzn	A	364	P62805	n/a	P	2.6	9
O75530	365	Y	A	20974918	3jzn	A	365	P62805	n/a	P	2.6	8
O75530	97	F	A	20974918	3jzn	A	97	P62805	n/a	P	2.6	8
Q7Z2E3	43	R	A	20008512	3kt9	A	29	Q14676	n/a	P	1.65	9
Q7Z2E3	52	K	A	20008512	3kt9	A	38	Q14676	n/a	P	1.65	6
Q9BUL8	135	A	D	20489202	3l8j	A	135	Q9BSQ5	n/a	P	3.05	9
Q9BUL8	175	S	D	20489202	3l8j	A	175	Q9BSQ5	n/a	P	3.05	9
P73204	29	E	R	21923764	3nph	B	12	Q54714	n/a	P	1.849	3
P73204	31	E	R	21923764	3nph	B	14	Q54714	n/a	P	1.849	5
P73204	33	D	R	21923764	3nph	B	16	Q54714	n/a	P	1.849	1
P73204	41	R	E	21923764	3nph	B	24	Q54714	n/a	P	1.849	4
P73204	47	D	R	21923764	3nph	B	30	Q54714	n/a	P	1.849	3
P73204	48	H	Y	21923764	3nph	B	31	Q54714	n/a	P	1.849	4
P73204	54	R	E	21923764	3nph	B	37	Q54714	n/a	P	1.849	7
P73204	26	R	E	21923764	3nph	B	9	Q54714	n/a	P	1.849	1
Q8K4V4	101	E	A	21422294	3qdo	A	101	Q64273	n/a	P	1.88	7
Q8K4V4	109	G	D	21422294	3qdo	A	109	Q64273	n/a	P	1.88	2
Q8K4V4	113	K	E	21422294	3qdo	A	113	Q64273	n/a	P	1.88	4
Q8K4V4	51	Y	L	21422294	3qdo	A	51	Q63511	n/a	P	1.88	8
Q8K4V4	51	Y	L	21422294	3qdo	A	51	Q64273	n/a	P	1.88	8
Q8K4V4	56	R	A	21422294	3qdo	A	56	Q63511	n/a	P	1.88	7
Q8K4V4	56	R	A	21422294	3qdo	A	56	Q64273	n/a	P	1.88	7
Q8K4V4	81	A	K	21422294	3qdo	A	81	Q64273	n/a	P	1.88	5
P17844	53	K	R	17369852	4a4d	A	53	Q13547	n/a	P	2.7	2
Q14145	334	Y	A	16888629	4ifj	A	334	Q16236	n/a	P	1.8	8
Q14145	380	R	A	16888629	4ifj	A	380	Q16236	n/a	P	1.8	6
Q14145	382	N	A	16888629	4ifj	A	382	Q16236	n/a	P	1.8	6
Q14145	415	R	A	16888629	4ifj	A	415	Q16236	n/a	P	1.8	5
Q14145	436	H	A	16888629	4ifj	A	436	Q16236	n/a	P	1.8	2
Q14145	483	R	A	16888629	4ifj	A	483	Q16236	n/a	P	1.8	6
Q14145	525	Y	A	16888629	4ifj	A	525	Q16236	n/a	P	1.8	4
Q14145	572	Y	A	16888629	4ifj	A	572	Q16236	n/a	P	1.8	4
Q96EP0	102	N	D	24726323	4p09	A	102	Q96BN8	n/a	P	1.7	9
Q96EP0	102	N	Q	24726323	4p09	A	102	Q96BN8	n/a	P	1.7	9
Q96EP0	102	N	A	27458237	4p09	A	102	Q9UM82	n/a	P	1.7	9
Q96EP0	82	Y	A	24726323	4p09	A	82	Q96BN8	2.34	P	1.7	9
P43357	170	D	A	8113684	4v0p	A	170	P04439	n/a	P	2.07	7
P43357	176	Y	A	8113684	4v0p	A	176	P04439	n/a	P	2.07	9
Q62768	1364	I	F	16271475	4y21	A	432	n/a	n/a	P	2.9	8
P03950	64	K	G	10413501	5eop	A	40	P13489	3.2	P	1.35	9
P03950	64	K	Q	10413501	5eop	A	40	P13489	n/a	P	1.35	9
P03950	29	R	A	10413501	5eop	A	5	P13489	n/a	P	1.35	6
O15118	503	F	A	26771495	5f18	A	131	P87666	n/a	P	2	4
O15118	503	F	G	26771495	5f18	A	131	P87666	n/a	P	2	4
O15118	504	F	A	26771495	5f18	A	132	P87666	n/a	P	2	1
O15118	504	F	G	26771495	5f18	A	132	P87666	n/a	P	2	1
O15118	506	Y	A	26771495	5f18	A	134	P87666	n/a	P	2	1
P63096	42	G	R	22383884	5js7	A	42	O14924	n/a	P	-1.0	8
Q9NZN9	53	R	W	12374762	5u9a	A	53	Q9Y5A7	n/a	P	2.7	5
Q9NZN9	79	M	T	12374762	5u9a	A	79	Q9Y5A7	n/a	P	2.7	9
Q9NZN9	96	V	I	12374762	5u9a	A	96	Q9Y5A7	n/a	P	2.7	2
Q14790	73	D	A	15592525	6agw	A	73	Q9UKL3	n/a	P	2.093	8
P40075	40	K	N	15668246	6lp4	A	40	n/a	2.08	P	2.049	9
P40075	42	T	A	15668246	6lp4	A	42	n/a	2.32	P	2.049	9
P10145	31	E	A	1918013	6n2u	A	2	P25024	2.84	P	1.254	8
P10145	31	E	A	1918013	6n2u	A	2	P25025	2.84	P	1.254	8
P10145	32	L	A	1918013	6n2u	A	3	P25024	2.84	P	1.254	9
P10145	32	L	A	1918013	6n2u	A	3	P25025	2.84	P	1.254	9
P10145	33	R	A	1918013	6n2u	A	4	P25024	4.25	P	1.254	8
P10145	33	R	A	1918013	6n2u	A	4	P25025	4.25	P	1.254	8
P10145	37	I	A	1918013	6n2u	A	8	P25024	2.1	P	1.254	5
P10145	37	I	A	1918013	6n2u	A	8	P25025	2.1	P	1.254	5
P49054	98	K	A	8748039	6okw	A	16	P00747	3.62	P	-1.0	5
Q8VDF2	148	F	A	21489993	6vee	A	148	n/a	n/a	P	-1.0	9
P12493	305	R	A	29997211	6wap	A	173	P49790	n/a	P	-1.0	9
P12493	189	N	A	24130490	6wap	A	57	P49790	n/a	P	-1.0	9
P12493	189	N	D	24130490	6wap	A	57	P49790	n/a	P	-1.0	9
P12493	189	N	S	29997211	6wap	A	57	P49790	n/a	P	-1.0	9
P68036	63	F	A	17433363	6xxu	A	63	Q05086	3	P	-1.0	8
