Uniprot ID	Uniprot Res ID	PDB ID	Chain	Resolution	PDB Res ID	Residue type	Mutations	Conservation	Pubmed	DDG	Hotspot
Q62768	1364	4y21	A	2.9	432	I	F	8	16271475	n/a	P
P54725	333	1oqy	A	-1	333	P	E	9	11087358	n/a	P
O75530	97	3jzn	A	2.6	97	F	A	8	20974918	n/a	P
O75530	148	3jzn	A	2.6	148	Y	A	8	20974918	n/a	P
O75530	364	3jzn	A	2.6	364	W	A	9	20974918	n/a	P
O75530	364	3jzn	A	2.6	364	W	L	9	20974918	n/a	P
O75530	365	3jzn	A	2.6	365	Y	A	8	20974918	n/a	P
Q15750	213	2j4o	A	2.25	213	D	A	7	17560374	n/a	P
Q15750	216	2j4o	A	2.25	216	F	A	3	17560374	n/a	P
P63096	42	5js7	A	-1	42	G	R	8	22383884	n/a	P
P46108	150	2eyz	A	-1	150	D	K	9	8662907	n/a	P
P46108	169	2eyz	A	-1	169	W	K	9	31311869	n/a	P
P46108	169	2eyz	A	-1	169	W	L	9	12432078	n/a	P
P61964	47	2h14	A	1.48	47	A	E	1	16600877	n/a	P
P61964	91	2h14	A	1.48	91	S	F	1	16600877	n/a	P
P61964	107	2h14	A	1.48	107	D	A	1	16600877	n/a	P
P61964	133	2h14	A	1.48	133	F	D	1	16600877	n/a	P
P61964	322	2h14	A	1.48	322	E	A	3	16600877	n/a	P
P61964	321	2h14	A	1.48	321	L	A	7	16829960	n/a	P
P61964	225	2h14	A	1.48	225	N	A	7	21220120	n/a	P
P61964	240	2h14	A	1.48	240	L	K	7	21220120	n/a	P
Q15257	305	2ixm	A	1.5	270	E	A	9	16916641	n/a	P
Q15257	325	2ixm	A	1.5	290	G	D	9	16916641	n/a	P
Q15257	329	2ixm	A	1.5	294	M	D	9	16916641	n/a	P
Q14145	334	4ifj	A	1.8	334	Y	A	8	16888629	n/a	P
Q14145	382	4ifj	A	1.8	382	N	A	6	16888629	n/a	P
Q14145	436	4ifj	A	1.8	436	H	A	2	16888629	n/a	P
Q14145	525	4ifj	A	1.8	525	Y	A	4	16888629	n/a	P
Q14145	572	4ifj	A	1.8	572	Y	A	4	16888629	n/a	P
Q14145	380	4ifj	A	1.8	380	R	A	6	16888629	n/a	P
Q14145	415	4ifj	A	1.8	415	R	A	5	16888629	n/a	P
Q14145	483	4ifj	A	1.8	483	R	A	6	16888629	n/a	P
P17844	53	4a4d	A	2.7	53	K	R	2	17369852	n/a	P
P17427	840	1qts	A	1.4	840	W	A	9	10380931	n/a	P
P17427	907	1qts	A	1.4	907	E	A	9	10380931	n/a	P
P17427	920	1qts	A	1.4	920	R	A	9	10380931	n/a	P
P17427	840	1qts	A	1.4	840	W	A	9	10380931	n/a	P
P17427	840	1qts	A	1.4	840	W	A	9	10380931	n/a	P
P17427	840	1qts	A	1.4	840	W	A	9	10380931	n/a	P
P17427	837	1qts	A	1.4	837	F	A	9	10380931	n/a	P
P17427	840	1qts	A	1.4	840	W	A	9	10380931	n/a	P
P17427	907	1qts	A	1.4	907	E	A	9	10380931	n/a	P
P17427	920	1qts	A	1.4	920	R	A	9	10380931	n/a	P
P12493	189	6wap	A	-1	57	N	S	9	29997211	n/a	P
P12493	305	6wap	A	-1	173	R	A	9	29997211	n/a	P
P12493	189	6wap	A	-1	57	N	A	9	24130490	n/a	P
P12493	189	6wap	A	-1	57	N	D	9	24130490	n/a	P
O75832	182	1tr4	A	-1	182	E	A	4	10613832	n/a	P
O88838	120	2afj	A	-1	120	Y	A	9	16369487	n/a	P
O88838	206	2afj	A	-1	206	V	A	9	16369487	n/a	P
O88838	120	2afj	A	-1	120	Y	A	9	20603330	n/a	P
O88838	120	2afj	A	-1	120	Y	F	9	20603330	n/a	P
O88838	206	2afj	A	-1	206	V	A	9	20603330	n/a	P
O88838	207	2afj	A	-1	207	W	A	8	20603330	n/a	P
O15118	503	5f18	A	2	131	F	G	4	26771495	n/a	P
O15118	503	5f18	A	2	131	F	A	4	26771495	n/a	P
O15118	504	5f18	A	2	132	F	G	1	26771495	n/a	P
O15118	504	5f18	A	2	132	F	A	1	26771495	n/a	P
O15118	506	5f18	A	2	134	Y	A	1	26771495	n/a	P
P06730	73	2gpq	A	-1	73	W	A	9	22578813	n/a	P
O14745	355	2krg	A	-1	355	F	R	9	15020681	n/a	P
P02829	97	1ah6	A	1.8	97	A	I	9	9632755	n/a	P
P02829	170	1ah6	A	1.8	170	G	D	9	9632755	n/a	P
P43357	170	4v0p	A	2.07	170	D	A	7	8113684	n/a	P
P43357	176	4v0p	A	2.07	176	Y	A	9	8113684	n/a	P
O75475	366	1z9e	A	-1	366	D	A	2	15895093	n/a	P
O75475	406	1z9e	A	-1	406	F	A	7	15895093	n/a	P
O75475	365	1z9e	A	-1	365	I	A	2	15895093	n/a	P
O75475	366	1z9e	A	-1	366	D	N	2	15895093	n/a	P
Q9BUL8	135	3l8j	A	3.05	135	A	D	9	20489202	n/a	P
Q9BUL8	175	3l8j	A	3.05	175	S	D	9	20489202	n/a	P
Q9ULZ3	13	2kn6	A	-1	13	E	W	7	15456791	n/a	P
Q9ULZ3	21	2kn6	A	-1	21	K	A	5	18362139	n/a	P
Q9ULZ3	36	2kn6	A	-1	36	Y	A	5	18362139	n/a	P
Q9ULZ3	19	2kn6	A	-1	19	E	A	6	15641782	n/a	P
Q9ULZ3	21	2kn6	A	-1	21	K	A	5	15641782	n/a	P
Q9ULZ3	21	2kn6	A	-1	21	K	Q	5	15641782	n/a	P
Q9ULZ3	21	2kn6	A	-1	21	K	E	5	15641782	n/a	P
Q9ULZ3	26	2kn6	A	-1	26	K	A	6	15641782	n/a	P
Q9ULZ3	26	2kn6	A	-1	26	K	Q	6	15641782	n/a	P
Q9ULZ3	41	2kn6	A	-1	41	R	A	6	15641782	n/a	P
Q9ULZ3	41	2kn6	A	-1	41	R	Q	6	15641782	n/a	P
Q9ULZ3	41	2kn6	A	-1	41	R	W	6	15641782	n/a	P
Q9ULZ3	48	2kn6	A	-1	48	D	A	7	15641782	n/a	P
Q9ULZ3	48	2kn6	A	-1	48	D	N	7	15641782	n/a	P
Q9ULZ3	48	2kn6	A	-1	48	D	E	7	15641782	n/a	P
Q9ULZ3	48	2kn6	A	-1	48	D	R	7	15641782	n/a	P
Q9ULZ3	51	2kn6	A	-1	51	D	A	6	15641782	n/a	P
Q9ULZ3	51	2kn6	A	-1	51	D	N	6	15641782	n/a	P
Q9ULZ3	51	2kn6	A	-1	51	D	K	6	15641782	n/a	P
Q9ULZ3	62	2kn6	A	-1	62	E	A	7	15641782	n/a	P
Q9ULZ3	67	2kn6	A	-1	67	E	A	3	15641782	n/a	P
Q9ULZ3	8	2kn6	A	-1	8	I	A	8	15641782	n/a	P
Q9ULZ3	12	2kn6	A	-1	12	L	A	9	15641782	n/a	P
Q9ULZ3	15	2kn6	A	-1	15	L	A	9	15641782	n/a	P
Q9ULZ3	20	2kn6	A	-1	20	L	A	6	15641782	n/a	P
Q9ULZ3	23	2kn6	A	-1	23	F	A	9	15641782	n/a	P
Q9ULZ3	25	2kn6	A	-1	25	L	A	2	15641782	n/a	P
Q9ULZ3	25	2kn6	A	-1	25	L	G	2	15641782	n/a	P
Q9ULZ3	25	2kn6	A	-1	25	L	Q	2	15641782	n/a	P
Q9ULZ3	25	2kn6	A	-1	25	L	N	2	15641782	n/a	P
Q9ULZ3	25	2kn6	A	-1	25	L	K	2	15641782	n/a	P
Q9ULZ3	25	2kn6	A	-1	25	L	E	2	15641782	n/a	P
Q9ULZ3	27	2kn6	A	-1	27	L	A	9	15641782	n/a	P
Q9ULZ3	40	2kn6	A	-1	40	P	A	7	15641782	n/a	P
Q9ULZ3	45	2kn6	A	-1	45	L	A	7	15641782	n/a	P
Q9ULZ3	47	2kn6	A	-1	47	M	A	8	15641782	n/a	P
Q9ULZ3	47	2kn6	A	-1	47	M	Q	8	15641782	n/a	P
Q9ULZ3	47	2kn6	A	-1	47	M	N	8	15641782	n/a	P
Q9ULZ3	52	2kn6	A	-1	52	L	A	7	15641782	n/a	P
Q9ULZ3	56	2kn6	A	-1	56	L	A	8	15641782	n/a	P
Q9ULZ3	68	2kn6	A	-1	68	L	A	8	15641782	n/a	P
Q9ULZ3	72	2kn6	A	-1	72	V	A	7	15641782	n/a	P
Q9ULZ3	76	2kn6	A	-1	76	M	A	8	15641782	n/a	P
P60953	17	1aje	A	-1	17	T	N	9	11260256	n/a	P
P60953	32	1aje	A	-1	32	Y	K	7	9632678	n/a	P
P32797	523	1kxl	A	-1	28	I	V	2	10898792	n/a	P
Q8VDF2	148	6vee	A	-1	148	F	A	9	21489993	n/a	P
Q99828	115	1dgu	A	-1	107	F	A	7	12023286	n/a	P
Q99828	131	1dgu	A	-1	123	L	A	5	12023286	n/a	P
Q99828	153	1dgu	A	-1	145	I	A	5	12023286	n/a	P
Q99828	173	1dgu	A	-1	165	F	A	9	12023286	n/a	P
Q27974	876	1n4c	A	-1	148	D	A	9	12741832	n/a	P
Q14790	73	6agw	A	2.093	73	D	A	8	15592525	n/a	P
Q96EP0	102	4p09	A	1.7	102	N	D	9	24726323	n/a	P
Q96EP0	102	4p09	A	1.7	102	N	Q	9	24726323	n/a	P
Q96EP0	102	4p09	A	1.7	102	N	A	9	27458237	n/a	P
O60493	22	2mxc	A	-1	22	Y	A	9	30213940	n/a	P
O60493	50	2mxc	A	-1	50	E	K	7	30213940	n/a	P
O60493	160	2mxc	A	-1	160	R	A	7	30213940	n/a	P
P24522	77	2kg4	A	-1	77	L	E	9	20460379	n/a	P
P62937	55	1oca	A	-1	55	R	A	9	25678563	n/a	P
P62937	125	1oca	A	-1	125	K	R	5	25678563	n/a	P
P62937	126	1oca	A	-1	126	H	Q	8	21593166	n/a	P
P10415	145	1g5m	A	-1	145	G	E	9	8183370	n/a	P
P10415	145	1g5m	A	-1	145	G	A	9	8183370	n/a	P
P10415	188	1g5m	A	-1	188	W	A	9	8183370	n/a	P
P9WIA1	146	2luo	A	-1	146	L	A	2	22087003	n/a	P
Q13526	34	1nmv	A	-1	34	W	A	9	22608923	n/a	P
Q13526	63	1nmv	A	-1	63	K	A	9	22608923	n/a	P
O95760	149	2kll	A	-1	39	D	K	7	23980170	n/a	P
Q16832	52	2z4f	A	-1	52	W	A	1	20004161	n/a	P
O43683	106	2lah	A	-1	116	A	D	9	17981135	n/a	P
O43683	106	2lah	A	-1	116	A	W	9	17981135	n/a	P
O43683	122	2lah	A	-1	132	L	G	4	17981135	n/a	P
O43683	130	2lah	A	-1	140	A	S	9	19487456	n/a	P
O43791	131	2cr2	A	-1	111	W	A	1	19818708	n/a	P
O43791	131	2cr2	A	-1	111	W	A	1	19818708	n/a	P
Q14116	144	1j0s	A	-1	108	G	A	7	25500532	n/a	P
Q14116	145	1j0s	A	-1	109	H	A	6	25500532	n/a	P
Q14116	148	1j0s	A	-1	112	K	A	7	25500532	n/a	P
Q9NPD8	60	1yh2	A	2	60	R	E	6	24389026	n/a	P
Q9NZN9	53	5u9a	A	2.7	53	R	W	5	12374762	n/a	P
Q9NZN9	79	5u9a	A	2.7	79	M	T	9	12374762	n/a	P
Q9NZN9	96	5u9a	A	2.7	96	V	I	2	12374762	n/a	P
O76064	42	2csw	A	-1	42	R	A	9	18001824	n/a	P
Q14019	75	1wnj	A	-1	78	K	A	9	11583571	n/a	P
Q14019	131	1wnj	A	-1	134	K	A	7	11297527	n/a	P
Q14019	131	1wnj	A	-1	134	K	Q	7	11297527	n/a	P
P40515	80	1y8m	A	-1	80	L	P	8	12163467	n/a	P
P05230	133	2rq9	A	-1	113	K	E	9	11964394	n/a	P
Q9QUN3	373	2eo6	A	-1	51	R	L	9	18369315	n/a	P
Q9P0R6	42	1sgo	A	-1	42	N	I	5	27484798	n/a	P
Q9P0R6	130	1sgo	A	-1	130	L	P	9	27484798	n/a	P
P15498	696	2crh	A	-1	53	R	L	9	8986718	n/a	P
Q14289	881	2lk4	A	-1	11	Y	F	9	20521079	n/a	P
P05112	33	1bbn	A	-1	13	E	A	9	9050834	n/a	P
P05112	33	1bbn	A	-1	13	E	K	9	9050834	n/a	P
P05112	112	1bbn	A	-1	92	R	D	8	9050834	n/a	P
P05112	113	1bbn	A	-1	93	N	R	8	9050834	n/a	P
Q9UJY5	182	1oxz	A	2.8	182	L	A	9	15143060	n/a	P
Q9UJY5	194	1oxz	A	2.8	194	N	A	9	15143060	n/a	P
Q9UJY5	197	1oxz	A	2.8	197	I	A	9	15143060	n/a	P
Q9UJY5	198	1oxz	A	2.8	198	K	A	8	15143060	n/a	P
Q9UJY5	200	1oxz	A	2.8	200	M	A	8	15143060	n/a	P
Q9UJY5	204	1oxz	A	2.8	204	D	A	9	15143060	n/a	P
Q9UJY5	259	1oxz	A	2.8	259	M	K	6	15143060	n/a	P
Q9UJY5	260	1oxz	A	2.8	260	R	E	9	15143060	n/a	P
Q9UJY5	264	1oxz	A	2.8	264	F	A	6	15143060	n/a	P
Q9UJY5	267	1oxz	A	2.8	267	A	D	9	15143060	n/a	P
Q9UJY5	277	1oxz	A	2.8	277	L	A	9	15143060	n/a	P
Q9UJY5	281	1oxz	A	2.8	281	L	A	9	15143060	n/a	P
Q9UJY5	284	1oxz	A	2.8	284	N	A	8	15143060	n/a	P
Q9UJY5	284	1oxz	A	2.8	284	N	S	8	15143060	n/a	P
P73204	26	3nph	B	1.849	9	R	E	1	21923764	n/a	P
P73204	29	3nph	B	1.849	12	E	R	3	21923764	n/a	P
P73204	31	3nph	B	1.849	14	E	R	5	21923764	n/a	P
P73204	33	3nph	B	1.849	16	D	R	1	21923764	n/a	P
P73204	41	3nph	B	1.849	24	R	E	4	21923764	n/a	P
P73204	47	3nph	B	1.849	30	D	R	3	21923764	n/a	P
P73204	48	3nph	B	1.849	31	H	Y	4	21923764	n/a	P
P73204	54	3nph	B	1.849	37	R	E	7	21923764	n/a	P
Q9Z297	74	1n3k	A	-1	74	D	A	9	12456656	n/a	P
Q9Z297	121	1n3k	A	-1	121	I	R	7	12456656	n/a	P
Q9Z297	121	1n3k	A	-1	121	I	A	7	12456656	n/a	P
Q9Z297	123	1n3k	A	-1	123	L	R	7	12456656	n/a	P
Q9Z297	123	1n3k	A	-1	123	L	A	7	12456656	n/a	P
Q9Z297	128	1n3k	A	-1	128	K	E	4	12456656	n/a	P
Q9Z297	128	1n3k	A	-1	128	K	A	4	12456656	n/a	P
Q9Z297	129	1n3k	A	-1	129	K	E	8	12456656	n/a	P
Q9Z297	129	1n3k	A	-1	129	K	A	8	12456656	n/a	P
P25445	261	1ddf	A	-1	245	E	K	6	20935634	n/a	P
P25445	272	1ddf	A	-1	256	E	K	9	20935634	n/a	P
P25445	270	1ddf	A	-1	254	T	K	7	20935634	n/a	P
P25445	250	1ddf	A	-1	234	R	E	9	20935634	n/a	P
P25445	283	1ddf	A	-1	267	Q	K	9	20935634	n/a	P
P25445	287	1ddf	A	-1	271	K	D	6	20935634	n/a	P
Q01196	106	1co1	A	-1	66	M	V	1	19202074	n/a	P
Q01196	107	1co1	A	-1	67	A	T	9	19202074	n/a	P
P34152	925	1k40	A	2.25	925	Y	F	9	7997267	n/a	P
P34152	1034	1k40	A	2.25	1034	L	S	9	12702722	n/a	P
O14907	20	2kg2	A	-1	20	K	A	7	16855024	n/a	P
O14907	90	2kg2	A	-1	90	H	A	9	16855024	n/a	P
O94888	459	1wj4	A	-1	90	P	G	9	22537386	n/a	P
Q9JI78	41	2d5u	A	-1	46	N	P	9	16709668	n/a	P
P03950	29	5eop	A	1.35	5	R	A	6	10413501	n/a	P
P03950	64	5eop	A	1.35	40	K	Q	9	10413501	n/a	P
P35189	80	2l7e	A	-1	80	G	K	9	27089029	n/a	P
P35189	80	2l7e	A	-1	80	G	L	9	27089029	n/a	P
P35189	80	2l7e	A	-1	80	G	M	9	27089029	n/a	P
P35189	81	2l7e	A	-1	81	W	A	9	26341557	n/a	P
P51532	1539	2grc	A	1.5	1539	F	A	7	17274598	n/a	P
P51532	1540	2grc	A	1.5	1540	N	A	9	17274598	n/a	P
P78543	65	3dju	B	2.26	65	Y	A	7	18974182	n/a	P
P78543	103	3dju	B	2.26	103	W	A	9	18974182	n/a	P
P78543	105	3dju	B	2.26	105	D	A	9	18974182	n/a	P
P78543	65	3dju	B	2.26	65	Y	A	7	23236473	n/a	P
P78543	75	3dju	B	2.26	75	D	A	9	23236473	n/a	P
P78543	103	3dju	B	2.26	103	W	A	9	23236473	n/a	P
P78543	105	3dju	B	2.26	105	D	A	9	23236473	n/a	P
Q13241	112	1b6e	A	2.6	112	Q	A	1	18083576	n/a	P
Q13241	114	1b6e	A	2.6	114	F	A	3	18083576	n/a	P
Q13241	160	1b6e	A	2.6	160	N	A	1	18083576	n/a	P
Q13241	162	1b6e	A	2.6	162	L	A	7	18083576	n/a	P
P22892	753	1gyu	A	1.81	753	A	D	9	12176391	n/a	P
P22892	762	1gyu	A	1.81	762	L	E	8	12176391	n/a	P
Q8N0X7	24	2dl1	A	-1	23	F	D	7	20719964	n/a	P
Q14203	68	2coy	A	-1	75	K	A	8	17828275	n/a	P
Q14203	90	2coy	A	-1	97	R	E	8	17828275	n/a	P
P56279	16	1jsg	A	2.5	16	D	G	4	11839817	n/a	P
P56279	16	1jsg	A	2.5	16	D	G	4	11839817	n/a	P
P56279	74	1jsg	A	2.5	74	I	V	3	11839817	n/a	P
O15357	47	2mk2	A	-1	39	R	G	9	11158326	n/a	P
Q84Y95	97	3ipz	A	2.4	97	C	S	9	24203231	n/a	P
O60885	433	2i8n	A	-1	82	N	A	9	22464331	n/a	P
Q9Y239	41	2dbd	A	-1	32	V	A	5	17054981	n/a	P
Q9Y239	53	2dbd	A	-1	44	E	K	9	17054981	n/a	P
Q9Y239	54	2dbd	A	-1	45	D	K	8	17054981	n/a	P
Q9Y239	56	2dbd	A	-1	47	E	K	8	17054981	n/a	P
Q9Y239	69	2dbd	A	-1	60	R	E	9	17054981	n/a	P
O43353	444	2n7z	A	-1	11	R	E	9	17054981	n/a	P
O43353	483	2n7z	A	-1	50	R	E	8	17054981	n/a	P
O43353	488	2n7z	A	-1	55	R	E	9	17054981	n/a	P
P06729	67	1cdb	A	-1	43	K	R	4	2444890	n/a	P
P06729	70	1cdb	A	-1	46	Q	K	5	2444890	n/a	P
P06729	110	1cdb	A	-1	86	Y	D	8	2444890	n/a	P
P06729	111	1cdb	A	-1	87	D	H	5	2444890	n/a	P
P08887	217	2arw	A	-1	7	D	V	9	8467812	n/a	P
P08887	279	2arw	A	-1	69	I	D	9	8467812	n/a	P
P08887	291	2arw	A	-1	81	Q	K	9	8467812	n/a	P
P08887	293	2arw	A	-1	83	R	G	8	8467812	n/a	P
P63165	36	1a5r	A	-1	36	F	A	9	16204249	n/a	P
Q8K4V4	51	3qdo	A	1.88	51	Y	L	8	21422294	n/a	P
Q8K4V4	56	3qdo	A	1.88	56	R	A	7	21422294	n/a	P
Q8K4V4	51	3qdo	A	1.88	51	Y	L	8	21422294	n/a	P
Q8K4V4	56	3qdo	A	1.88	56	R	A	7	21422294	n/a	P
Q8K4V4	81	3qdo	A	1.88	81	A	K	5	21422294	n/a	P
Q8K4V4	101	3qdo	A	1.88	101	E	A	7	21422294	n/a	P
Q8K4V4	109	3qdo	A	1.88	109	G	D	2	21422294	n/a	P
Q8K4V4	113	3qdo	A	1.88	113	K	E	4	21422294	n/a	P
Q7Z2E3	43	3kt9	A	1.65	29	R	A	9	20008512	n/a	P
Q7Z2E3	52	3kt9	A	1.65	38	K	A	6	20008512	n/a	P
Q7Z434	54	2ms8	A	-1	54	T	A	7	17709747	n/a	P
Q14596	50	1wj6	A	-1	60	D	R	9	12813044	n/a	P
P07567	57	2f76	X	-1	57	R	F	2	18647839	n/a	P
P54762	928	2eao	A	-1	37	Y	F	9	12223469	n/a	P
O95786	172	2lwd	A	-1	172	K	R	5	17392790	n/a	P
Q14315	2669	1v05	A	1.43	2669	M	D	4	15642266	n/a	P
P55265	801	2mdr	A	-1	801	R	A	8	24753571	n/a	P
O43639	234	1wx6	A	-1	54	W	K	9	11240126	n/a	P
P78560	121	2o71	A	2	121	N	D	6	17289572	n/a	P
P78560	125	2o71	A	2	125	Q	A	3	17289572	n/a	P
P78560	169	2o71	A	2	169	Q	E	7	17289572	n/a	P
P78560	146	2o71	A	2	146	Y	A	4	17289572	n/a	P
P78560	147	2o71	A	2	147	R	A	6	17289572	n/a	P
P78560	147	2o71	A	2	147	R	E	6	17289572	n/a	P
P78560	149	2o71	A	2	149	K	E	7	17289572	n/a	P
P78560	156	2o71	A	2	156	V	D	1	17289572	n/a	P
Q96QB1	475	2dky	A	-1	45	F	G	3	19158340	n/a	P
Q96QB1	476	2dky	A	-1	46	L	G	3	19158340	n/a	P
P0AAM3	2	2ot2	A	-1	2	C	A	9	10783387	n/a	P
P0AAM3	2	2ot2	A	-1	2	C	R	9	10783387	n/a	P
P0AAM3	2	2ot2	A	-1	2	C	S	9	10783387	n/a	P
P41743	72	1vd2	A	-1	63	D	A	9	15143057	n/a	P
O95429	424	1m62	A	-1	424	D	A	9	12058034	n/a	P
O95429	446	1m62	A	-1	446	Q	A	9	12058034	n/a	P
P32657	220	2dy7	A	-1	220	E	L	5	15647753	n/a	P
P32657	220	2dy7	A	-1	220	E	W	5	17433364	n/a	P
P40343	270	1q0v	A	-1	270	S	D	9	11988742	n/a	P
P40343	313	1q0v	A	-1	313	S	D	9	11988742	n/a	P
Q16512	181	1urf	A	-1	181	R	A	8	24248594	n/a	P
Q16512	185	1urf	A	-1	185	R	A	3	24248594	n/a	P
Q9NXW2	138	2ctp	A	-1	36	H	Q	9	21150129	n/a	P
P63159	106	1hme	A	-1	18	C	A	7	20547845	n/a	P
P78423	71	1b2t	A	-1	47	R	A	4	23125415	n/a	P
Q9UN37	13	1yxr	A	-1	13	V	D	8	18606141	n/a	P
Q9UN37	64	1yxr	A	-1	64	L	A	8	18606141	n/a	P
Q9WV86	18	2rpa	A	-1	18	L	A	7	28436967	n/a	P
Q9WV86	19	2rpa	A	-1	19	L	A	7	28436967	n/a	P
O75554	150	2jxw	A	-1	29	W	A	8	19592703	n/a	P
O75554	191	2jxw	A	-1	70	W	A	9	19592703	n/a	P
P05161	99	2hj8	A	-1	106	R	A	1	29100055	n/a	P
P05161	101	2hj8	A	-1	108	T	A	6	29100055	n/a	P
P05161	103	2hj8	A	-1	110	T	A	6	29100055	n/a	P
P02545	358	1x8y	A	2.2	358	E	K	6	31548606	n/a	P
P02545	386	1x8y	A	2.2	386	R	M	9	31548606	n/a	P
P0ACE3	48	1jw2	A	-1	48	D	E	9	21600204	n/a	P
P0ACE3	48	1jw2	A	-1	48	D	R	9	21600204	n/a	P
P0ACE3	48	1jw2	A	-1	48	D	N	9	21600204	n/a	P
Q931F4	231	2jvg	A	-1	231	R	A	8	18550524	n/a	P
Q931F4	238	2jvg	A	-1	238	N	A	9	18550524	n/a	P
Q9H1I8	506	2di0	A	-1	51	L	A	9	29144457	n/a	P
P53141	114	2fce	A	-1	114	G	D	8	15210731	n/a	P
P36006	1158	2btt	A	-1	1159	W	S	9	10648568	n/a	P
Q9H3P7	258	2n72	A	-1	19	F	A	9	27009356	n/a	P
Q9H3P7	284	2n72	A	-1	45	H	A	9	27009356	n/a	P
Q9H3P7	285	2n72	A	-1	46	Y	A	8	27009356	n/a	P
Q9H3P7	288	2n72	A	-1	49	Y	A	9	27009356	n/a	P
O15350	487	1cok	A	-1	1	Y	A	7	15070730	n/a	P
O43189	47	2e5p	A	-1	26	Y	A	9	23142980	n/a	P
O43189	47	2e5p	A	-1	26	Y	A	9	23273982	n/a	P
O43189	65	2e5p	A	-1	44	F	A	9	23273982	n/a	P
O43189	71	2e5p	A	-1	50	F	A	6	23273982	n/a	P
P30403	456	1n4y	A	-1	49	R	K	1	8456099	n/a	P
P30403	458	1n4y	A	-1	51	D	A	6	8456099	n/a	P
P30403	456	1n4y	A	-1	49	R	A	1	8456099	n/a	P
P02640	814	1qqv	A	-1	64	W	Y	9	16142894	n/a	P
P02640	814	1qqv	A	-1	64	W	A	9	16142894	n/a	P
P03709	92	2lsm	A	-1	92	H	A	9	22801427	n/a	P
P23561	59	1ow5	A	-1	59	I	R	9	15327964	n/a	P
P15891	569	2k3b	A	-1	36	W	A	9	11668184	n/a	P
P62993	203	1gfc	A	-1	47	G	R	9	8493579	n/a	P
Q16637	134	1mhn	A	1.8	134	E	K	9	29061699	n/a	P
Q06449	91	1zx6	A	1.6	37	W	S	9	21777813	n/a	P
Q13501	406	1q02	A	-1	22	F	V	8	15340068	n/a	P
Q13501	417	1q02	A	-1	33	L	V	8	15340068	n/a	P
P13726	90	1boy	A	2.2	58	D	A	9	7654692	>2	P
P13726	52	1boy	A	2.2	20	K	A	9	7654692	>2	P
P21836	317	1c2b	A	4.5	286	W	R	1	8157652	8.45	P
P11540	40	1bta	A	-1	39	D	A	9	7739054	7.7	P
P00648	149	1bnr	A	-1	102	H	L	9	8507637	7.66	P
P68390	150	1omt	A	-1	21	R	P	1	11171964	7.19	P
P00648	149	1bnr	A	-1	102	H	A	9	8507637	6.91	P
P01051	45	1egl	A	-1	45	L	P	1	9048543	6.85	P
P00648	149	1bnr	A	-1	102	H	G	9	8507637	6.82	P
P01051	45	1egl	A	-1	45	L	D	1	9048543	6.77	P
P68390	146	1omt	A	-1	17	T	D	5	11171964	6.73	P
P01051	45	1egl	A	-1	45	L	E	1	9048543	6.55	P
P68390	146	1omt	A	-1	17	T	E	5	11171964	6.34	P
P00648	149	1bnr	A	-1	102	H	A	9	8494892	6.3	P
P01563	56	1itf	A	-1	33	R	A	9	21854986	6.27	P
P01563	56	1itf	A	-1	33	R	Q	9	10984492	6.2	P
P00648	149	1bnr	A	-1	102	H	A	9	7739054	6.1	P
P00648	149	1bnr	A	-1	102	H	A	9	9126847	6.1	P
P01051	45	1egl	A	-1	45	L	G	1	9048543	6.03	P
P00648	134	1bnr	A	-1	87	R	A	9	8494892	6	P
P13479	51	1e0h	A	-1	51	D	A	9	9425068	5.92	P
Q7A260	75	1j57	A	-1	83	D	N	6	17138564	5.9	P
P35225	134	1ga3	A	-1	101	L	A	1	20223216	5.81	P
P01563	56	1itf	A	-1	33	R	A	9	10984492	5.5	P
P00648	134	1bnr	A	-1	87	R	A	9	7739054	5.5	P
P00648	134	1bnr	A	-1	87	R	A	9	9126847	5.5	P
Q7A260	24	1j57	A	-1	32	E	A	9	17138564	5.47	P
Q7A260	75	1j57	A	-1	83	D	E	6	17138564	5.43	P
Q7A260	24	1j57	A	-1	32	E	Q	9	17138564	5.4	P
P00648	74	1bnr	A	-1	27	K	A	9	7739054	5.4	P
P00648	130	1bnr	A	-1	83	R	Q	9	7739054	5.4	P
P00648	74	1bnr	A	-1	27	K	A	9	8494892	5.4	P
P00648	74	1bnr	A	-1	27	K	A	9	9126847	5.4	P
P68390	146	1omt	A	-1	17	T	G	5	11171964	5.22	P
P00648	106	1bnr	A	-1	59	R	A	7	7739054	5.2	P
P00648	106	1bnr	A	-1	59	R	A	7	8494892	5.2	P
P00648	106	1bnr	A	-1	59	R	A	7	9126847	5.2	P
P35225	138	1ga3	A	-1	105	K	A	1	20223216	5.11	P
P01033	25	1d2b	A	-1	2	T	R	7	12515831	5.04	P
P21836	103	1c2b	A	4.5	72	Y	N	1	8157652	5.01	P
P00974	53	1oa5	5	-1	18	I	A	3	8784199	4.97	P
P01051	45	1egl	A	-1	45	L	S	1	9048543	4.95	P
P00974	71	1oa5	5	-1	36	G	A	6	8784199	4.89	P
P13479	54	1e0h	A	-1	54	Y	A	6	9425068	4.83	P
P01033	93	1d2b	A	-1	70	C	S	9	9268350	4.81	P
P01563	56	1itf	A	-1	33	R	K	9	10984492	4.8	P
P00648	106	1bnr	A	-1	59	R	A	7	8507637	4.63	P
P13479	55	1e0h	A	-1	55	Y	A	8	9425068	4.63	P
P00648	149	1bnr	A	-1	102	H	Q	9	8507637	4.55	P
P00648	149	1bnr	A	-1	102	H	D	9	8507637	4.55	P
P01563	56	1itf	A	-1	33	R	K	9	21854986	4.5	P
P11540	36	1bta	A	-1	35	D	A	9	7739054	4.5	P
P68390	146	1omt	A	-1	17	T	Y	5	11171964	4.41	P
P01050	1	1hic	A	-1	1	V	E	6	1581311	4.39	P
P09038	238	1bfg	A	1.6	96	E	A	9	7665610	4.37	P
P17728	27	1lqh	A	-1	9	K	D	4	9169449	4.37	P
P00974	47	1oa5	5	-1	12	G	A	9	8784199	4.35	P
P68390	146	1omt	A	-1	17	T	L	5	11171964	4.35	P
P01050	2	1hic	A	-1	2	V	E	5	1581311	4.28	P
P68390	146	1omt	A	-1	17	T	N	5	11171964	4.26	P
P10145	33	6n2u	A	1.254	4	R	A	8	1918013	4.25	P
P10145	33	6n2u	A	1.254	4	R	A	8	1918013	4.25	P
P62593	102	1zg4	A	1.55	104	E	K	2	9891008	4.23	P
P01051	45	1egl	A	-1	45	L	I	1	9048543	4.23	P
P68390	146	1omt	A	-1	17	T	P	5	11171964	4.17	P
P68390	146	1omt	A	-1	17	T	F	5	11171964	4.17	P
P68390	146	1omt	A	-1	17	T	A	5	11171964	4.1	P
P68390	146	1omt	A	-1	17	T	W	5	11171964	4.1	P
Q7A260	76	1j57	A	-1	84	W	A	7	17138564	4.07	P
P00974	46	1oa5	5	-1	11	T	A	1	8784199	4.05	P
P00974	48	1oa5	5	-1	13	P	A	3	8784199	4.05	P
P00974	52	1oa5	5	-1	17	R	A	1	8784199	4.05	P
P00974	54	1oa5	5	-1	19	I	A	1	8784199	4.05	P
P00974	55	1oa5	5	-1	20	R	A	8	8784199	4.05	P
P00974	68	1oa5	5	-1	33	F	A	9	8784199	4.05	P
P00974	69	1oa5	5	-1	34	V	A	2	8784199	4.05	P
P00974	70	1oa5	5	-1	35	Y	A	8	8784199	4.05	P
P00974	72	1oa5	5	-1	37	G	A	9	8784199	4.05	P
P00974	74	1oa5	5	-1	39	R	A	2	8784199	4.05	P
P00974	81	1oa5	5	-1	46	K	A	1	8784199	4.05	P
P68390	146	1omt	A	-1	17	T	K	5	11171964	4.04	P
P01050	2	1hic	A	-1	2	V	G	5	1581311	3.94	P
P01563	53	1itf	A	-1	30	L	A	7	21854986	3.93	P
P68390	146	1omt	A	-1	17	T	M	5	11171964	3.9	P
P68390	146	1omt	A	-1	17	T	R	5	11171964	3.83	P
P01563	53	1itf	A	-1	30	L	A	7	10984492	3.8	P
P05112	112	1bbn	A	-1	92	R	A	8	9050834	3.76	P
P68390	150	1omt	A	-1	21	R	D	1	11171964	3.73	P
P35225	47	1ga3	A	-1	14	I	A	9	20223216	3.72	P
P48551	73	1n6u	A	-1	46	M	A	6	10556041	3.68	P
P68390	146	1omt	A	-1	17	T	Q	5	11171964	3.63	P
P68390	148	1omt	A	-1	19	E	R	3	11171964	3.63	P
P49054	98	6okw	A	-1	16	K	A	5	8748039	3.62	P
P62593	102	1zg4	A	1.55	104	E	D	2	21294157	3.6	P
P68390	146	1omt	A	-1	17	T	I	5	11171964	3.6	P
P68390	146	1omt	A	-1	17	T	H	5	11171964	3.6	P
P68390	148	1omt	A	-1	19	E	G	3	11171964	3.57	P
P68390	148	1omt	A	-1	19	E	F	3	11171964	3.57	P
P09038	282	1bfg	A	1.6	140	L	A	9	7929426	3.55	P
P01050	15	1hic	A	-1	15	L	A	5	8135762	3.55	P
P01033	61	1d2b	A	-1	38	Y	A	8	9268350	3.54	P
P68390	148	1omt	A	-1	19	E	K	3	11171964	3.54	P
P68390	146	1omt	A	-1	17	T	V	5	11171964	3.53	P
P68390	150	1omt	A	-1	21	R	C	1	11171964	3.47	P
P68390	150	1omt	A	-1	21	R	N	1	11171964	3.47	P
P68390	150	1omt	A	-1	21	R	E	1	11171964	3.47	P
P07363	214	1fwp	A	-1	56	F	A	9	21642453	3.44	P
P68390	150	1omt	A	-1	21	R	G	1	11171964	3.44	P
P13479	33	1e0h	A	-1	33	L	A	5	9425068	3.42	P
P11540	30	1bta	A	-1	29	Y	A	5	7739054	3.4	P
P01391	33	1ctx	A	2.8	33	R	E	6	10852927	3.4	P
P09038	238	1bfg	A	1.6	96	E	K	9	7665610	3.3	P
P68390	146	1omt	A	-1	17	T	C	5	11171964	3.28	P
P01033	91	1d2b	A	-1	68	S	R	8	12515831	3.26	P
P32851	233	2m8r	A	-1	233	I	A	9	18337752	3.24	P
Q7A260	74	1j57	A	-1	82	Q	A	4	17138564	3.23	P
P35225	137	1ga3	A	-1	104	K	A	4	20223216	3.23	P
P17728	37	1lqh	A	-1	19	R	A	1	9169449	3.22	P
P01563	172	1itf	A	-1	149	R	A	7	10984492	3.2	P
P03950	64	5eop	A	1.35	40	K	G	9	10413501	3.2	P
P17728	81	1lqh	A	-1	63	K	L	3	9169449	3.19	P
P68390	150	1omt	A	-1	21	R	A	1	11171964	3.15	P
P68390	150	1omt	A	-1	21	R	S	1	11171964	3.14	P
P05112	33	1bbn	A	-1	13	E	Q	9	9050834	3.12	P
P68390	148	1omt	A	-1	19	E	W	3	11171964	3.12	P
P35225	47	1ga3	A	-1	14	I	A	9	20223216	3.1	P
P00648	105	1bnr	A	-1	58	N	A	9	8494892	3.1	P
P09038	245	1bfg	A	1.6	103	Y	A	8	7929426	3.09	P
P71590	459	2lc1	A	-1	32	R	A	9	22275220	3.05	P
P01033	91	1d2b	A	-1	68	S	A	8	12515831	3.01	P
P68036	63	6xxu	A	-1	63	F	A	8	17433363	3	P
P10600	394	1tgk	A	3.3	94	R	A	2	19161338	3	P
P00648	120	1bnr	A	-1	73	E	S	9	9126847	3	P
P01050	3	1hic	A	-1	3	Y	A	7	1581311	3	P
P01033	91	1d2b	A	-1	68	S	Y	8	12515831	2.98	P
P68390	150	1omt	A	-1	21	R	Y	1	11171964	2.96	P
P68390	150	1omt	A	-1	21	R	F	1	11171964	2.91	P
P09038	166	1bfg	A	1.6	24	Y	A	8	7929426	2.89	P
P17728	36	1lqh	A	-1	18	F	G	1	9169449	2.89	P
P21836	155	1c2b	A	4.5	124	Y	Q	2	8157652	2.88	P
P32628	45	2nbu	A	-1	45	I	A	9	20427284	2.88	P
Q99816	95	1kpp	A	-1	95	M	A	9	12006492	2.87	P
P68390	148	1omt	A	-1	19	E	T	3	11171964	2.87	P
P35225	141	1ga3	A	-1	108	R	A	7	20223216	2.86	P
P10145	31	6n2u	A	1.254	2	E	A	8	1918013	2.84	P
P10145	32	6n2u	A	1.254	3	L	A	9	1918013	2.84	P
P10145	31	6n2u	A	1.254	2	E	A	8	1918013	2.84	P
P10145	32	6n2u	A	1.254	3	L	A	9	1918013	2.84	P
P62593	102	1zg4	A	1.55	104	E	A	2	24947275	2.83	P
P05112	112	1bbn	A	-1	92	R	Q	8	9050834	2.83	P
P01033	91	1d2b	A	-1	68	S	R	8	12515831	2.83	P
P20783	206	1nt3	A	2.4	68	R	A	6	7529173	2.83	P
P68390	148	1omt	A	-1	19	E	L	3	11171964	2.83	P
P20783	241	1nt3	A	2.4	103	R	K	8	7529173	2.82	P
P17728	29	1lqh	A	-1	11	Y	S	1	9169449	2.81	P
P68390	150	1omt	A	-1	21	R	L	1	11171964	2.79	P
P05112	147	1bbn	A	-1	127	K	A	7	9799097	2.77	P
P0CG48	616	2k25	A	-1	16	L	A	2	10518943	2.77	P
P68390	148	1omt	A	-1	19	E	S	3	11171964	2.76	P
P68390	150	1omt	A	-1	21	R	H	1	11171964	2.76	P
P48551	127	1n6u	A	-1	100	W	A	1	10556041	2.73	P
P01563	172	1itf	A	-1	149	R	A	7	21854986	2.73	P
P01033	25	1d2b	A	-1	2	T	A	7	9268350	2.73	P
P01563	53	1itf	A	-1	30	L	V	7	10984492	2.7	P
P16471	212	2lfg	A	-1	188	H	A	6	20889499	2.7	P
P16471	212	2lfg	A	-1	188	H	A	6	20889499	2.7	P
P68390	148	1omt	A	-1	19	E	C	3	11171964	2.69	P
P01033	25	1d2b	A	-1	2	T	L	7	12515831	2.68	P
P16471	212	2lfg	A	-1	188	H	A	6	20889499	2.66	P
P68390	148	1omt	A	-1	19	E	M	3	11171964	2.66	P
P16471	212	2lfg	A	-1	188	H	A	6	20889499	2.64	P
P16471	212	2lfg	A	-1	188	H	A	6	20889499	2.64	P
P16471	212	2lfg	A	-1	188	H	A	6	20889499	2.63	P
P68390	148	1omt	A	-1	19	E	Y	3	11171964	2.63	P
P68390	150	1omt	A	-1	21	R	T	1	11171964	2.63	P
Q07812	74	1f16	A	-1	74	M	D	1	21199865	2.62	P
P20783	241	1nt3	A	2.4	103	R	A	8	7529173	2.61	P
P68390	148	1omt	A	-1	19	E	I	3	11171964	2.61	P
P16471	212	2lfg	A	-1	188	H	A	6	20889499	2.59	P
P05112	148	1bbn	A	-1	128	Y	A	8	9799097	2.58	P
P13479	34	1e0h	A	-1	34	V	A	2	9425068	2.58	P
P68390	150	1omt	A	-1	21	R	M	1	11171964	2.58	P
P62593	127	1zg4	A	1.55	129	M	A	2	24947275	2.56	P
P68390	148	1omt	A	-1	19	E	P	3	11171964	2.55	P
P35225	137	1ga3	A	-1	104	K	A	4	20223216	2.54	P
P01033	91	1d2b	A	-1	68	S	E	8	12515831	2.52	P
P01391	29	1ctx	A	2.8	29	F	A	1	10574958	2.51	P
P13726	52	1boy	A	2.2	20	K	A	9	7947809	2.5	P
P13726	77	1boy	A	2.2	45	W	A	4	7947809	2.5	P
P00648	120	1bnr	A	-1	73	E	C	9	9126847	2.5	P
P00648	106	1bnr	A	-1	59	R	K	7	8507637	2.49	P
O43189	41	2e5p	A	-1	20	W	A	8	23142980	2.47	P
P0CG48	682	2k25	A	-1	82	R	L	6	10518943	2.46	P
P01236	208	1rw5	A	-1	180	H	A	4	20889499	2.45	P
P68390	150	1omt	A	-1	21	R	Q	1	11171964	2.44	P
P35225	140	1ga3	A	-1	107	F	A	1	20223216	2.42	P
P48551	104	1n6u	A	-1	77	E	A	5	21854986	2.41	P
P68390	148	1omt	A	-1	19	E	V	3	11171964	2.41	P
P68390	150	1omt	A	-1	21	R	W	1	11171964	2.41	P
P01563	171	1itf	A	-1	148	M	A	3	10984492	2.4	P
P00648	120	1bnr	A	-1	73	E	Y	9	9126847	2.4	P
P00648	120	1bnr	A	-1	73	E	F	9	9126847	2.4	P
P20783	149	1nt3	A	2.4	11	Y	A	1	7529173	2.4	P
P01033	25	1d2b	A	-1	2	T	R	7	12515831	2.37	P
P62593	102	1zg4	A	1.55	104	E	A	2	17070843	2.34	P
Q96EP0	82	4p09	A	1.7	82	Y	A	9	24726323	2.34	P
P35225	66	1ga3	A	-1	33	M	A	9	20223216	2.33	P
P48551	73	1n6u	A	-1	46	M	A	6	21854986	2.32	P
P48551	107	1n6u	A	-1	80	V	A	2	21854986	2.32	P
P40075	42	6lp4	A	2.049	42	T	A	9	15668246	2.32	P
P68390	146	1omt	A	-1	17	T	S	5	11171964	2.32	P
P01050	1	1hic	A	-1	1	V	K	6	1581311	2.32	P
P01050	2	1hic	A	-1	2	V	L	5	1581311	2.32	P
P01391	49	1ctx	A	2.8	49	K	E	6	10574958	2.31	P
P13726	92	1boy	A	2.2	60	T	A	9	7756258	2.3	P
P13726	172	1boy	A	2.2	140	F	A	6	7947809	2.3	P
P10600	394	1tgk	A	3.3	94	R	K	2	19161338	2.3	P
P00648	120	1bnr	A	-1	73	E	A	9	9126847	2.3	P
P68390	148	1omt	A	-1	19	E	A	3	11171964	2.3	P
P68390	148	1omt	A	-1	19	E	N	3	11171964	2.3	P
P62593	103	1zg4	A	1.55	105	Y	A	6	24947275	2.29	P
P01391	27	1ctx	A	2.8	27	D	R	4	10852927	2.28	P
P01236	208	1rw5	A	-1	180	H	A	4	20889499	2.27	P
Q5D734	48	2mbk	A	-1	21	I	R	8	18477456	2.27	P
P71590	474	2lc1	A	-1	47	R	A	8	22275220	2.26	P
P01033	91	1d2b	A	-1	68	S	R	8	12515831	2.25	P
P16471	212	2lfg	A	-1	188	H	A	6	20889499	2.24	P
P01563	53	1itf	A	-1	30	L	V	7	21854986	2.23	P
P61964	107	2h14	A	1.48	107	D	N	1	16829960	2.22	P
P61964	133	2h14	A	1.48	133	F	A	1	16829960	2.22	P
P61964	133	2h14	A	1.48	133	F	L	1	16829960	2.22	P
P61964	263	2h14	A	1.48	263	F	A	6	16829960	2.22	P
P61964	263	2h14	A	1.48	263	F	W	6	16829960	2.22	P
Q01196	109	1co1	A	-1	69	N	A	9	12807883	2.22	P
P01236	208	1rw5	A	-1	180	H	A	4	20889499	2.21	P
Q53EL6	358	2ggf	A	-1	358	H	A	7	19153607	2.21	P
P62593	102	1zg4	A	1.55	104	E	K	2	21294157	2.2	P
P13726	76	1boy	A	2.2	44	D	A	5	7947809	2.2	P
P01236	208	1rw5	A	-1	180	H	A	4	20889499	2.2	P
P01563	167	1itf	A	-1	144	R	A	9	10984492	2.2	P
P01563	168	1itf	A	-1	145	A	G	5	10984492	2.2	P
P04049	84	1rfa	A	-1	84	K	A	9	15236966	2.2	P
P13479	50	1e0h	A	-1	50	S	A	8	9425068	2.19	P
P62593	109	1zg4	A	1.55	111	K	A	1	24947275	2.18	P
Q07812	74	1f16	A	-1	74	M	E	1	21199865	2.18	P
P01033	91	1d2b	A	-1	68	S	E	8	12515831	2.18	P
P17728	27	1lqh	A	-1	9	K	A	4	9169449	2.18	P
P01050	1	1hic	A	-1	1	V	S	6	1581311	2.16	P
Q12830	2882	2fui	A	-1	23	Y	S	8	16728978	2.14	P
Q12830	2886	2fui	A	-1	27	D	A	8	16728978	2.14	P
Q07812	74	1f16	A	-1	74	M	D	1	21199865	2.12	P
Q07812	74	1f16	A	-1	74	M	E	1	21199865	2.12	P
Q13951	104	1cl3	A	-1	104	N	A	9	10984496	2.11	P
P01033	91	1d2b	A	-1	68	S	A	8	12515831	2.11	P
P10145	37	6n2u	A	1.254	8	I	A	5	1918013	2.1	P
P10145	37	6n2u	A	1.254	8	I	A	5	1918013	2.1	P
P01563	167	1itf	A	-1	144	R	A	9	21854986	2.08	P
P01563	168	1itf	A	-1	145	A	G	5	21854986	2.08	P
P01563	171	1itf	A	-1	148	M	A	3	21854986	2.08	P
P40075	40	6lp4	A	2.049	40	K	N	9	15668246	2.08	P
P13479	41	1e0h	A	-1	41	E	A	3	9425068	2.08	P
P68390	150	1omt	A	-1	21	R	I	1	11171964	2.08	P
P68390	148	1omt	A	-1	19	E	H	3	11171964	2.06	P
P01236	208	1rw5	A	-1	180	H	A	4	20889499	2.04	P
P04049	59	1rfa	A	-1	59	R	A	8	11292826	2.04	P
P04049	84	1rfa	A	-1	84	K	A	9	11292826	2.04	P
P68390	150	1omt	A	-1	21	R	V	1	11171964	2.04	P
P01236	208	1rw5	A	-1	180	H	A	4	20889499	2.03	P
P48551	71	1n6u	A	-1	44	T	A	6	11698684	2.01	P
P01563	38	1itf	A	-1	15	L	A	4	10984492	2	P
Q01196	161	1co1	A	-1	121	T	A	7	12807883	2	P
P04049	67	1rfa	A	-1	67	R	A	8	15236966	2	P
P04049	84	1rfa	A	-1	84	K	A	9	15236966	2	P
P21836	328	1c2b	A	4.5	297	F	I	1	8157652	1.98	P
P46108	276	2eyz	A	-1	276	W	K	8	31311869	n/a	N
Q15257	185	2ixm	A	1.5	150	D	A	9	16916641	n/a	N
Q15257	190	2ixm	A	1.5	155	H	A	9	16916641	n/a	N
Q15257	228	2ixm	A	1.5	193	R	A	9	16916641	n/a	N
Q15257	239	2ixm	A	1.5	204	A	D	9	16916641	n/a	N
Q15257	240	2ixm	A	1.5	205	G	D	9	16916641	n/a	N
Q15257	243	2ixm	A	1.5	208	G	D	9	16916641	n/a	N
Q15257	244	2ixm	A	1.5	209	V	D	9	16916641	n/a	N
Q15257	249	2ixm	A	1.5	214	D	A	9	16916641	n/a	N
Q15257	316	2ixm	A	1.5	281	V	D	9	16916641	n/a	N
Q15257	337	2ixm	A	1.5	302	K	G	9	16916641	n/a	N
Q15257	183	2ixm	A	1.5	148	R	L	9	16916641	n/a	N
Q15257	221	2ixm	A	1.5	186	N	A	1	16916641	n/a	N
Q15257	343	2ixm	A	1.5	308	H	A	9	16916641	n/a	N
Q15257	160	2ixm	A	1.5	125	P	A	4	16916641	n/a	N
Q15257	339	2ixm	A	1.5	304	P	G	9	16916641	n/a	N
Q14145	335	4ifj	A	1.8	335	F	A	1	16888629	n/a	N
Q14145	337	4ifj	A	1.8	337	Q	A	2	16888629	n/a	N
Q14145	387	4ifj	A	1.8	387	N	A	8	16888629	n/a	N
Q14145	434	4ifj	A	1.8	434	C	A	3	16888629	n/a	N
Q14145	478	4ifj	A	1.8	478	F	A	2	16888629	n/a	N
Q14145	530	4ifj	A	1.8	530	Q	A	6	16888629	n/a	N
Q14145	577	4ifj	A	1.8	577	F	A	6	16888629	n/a	N
Q14145	336	4ifj	A	1.8	336	R	A	5	16888629	n/a	N
Q14145	459	4ifj	A	1.8	459	R	A	4	16888629	n/a	N
Q14145	551	4ifj	A	1.8	551	K	A	1	16888629	n/a	N
Q14145	553	4ifj	A	1.8	553	R	A	4	16888629	n/a	N
Q14145	384	4ifj	A	1.8	384	P	A	1	16888629	n/a	N
P17427	707	1qts	A	1.4	707	R	S	5	10380931	n/a	N
P17427	849	1qts	A	1.4	849	E	A	9	10380931	n/a	N
P17427	707	1qts	A	1.4	707	R	S	5	10380931	n/a	N
P17427	849	1qts	A	1.4	849	E	A	9	10380931	n/a	N
P17427	707	1qts	A	1.4	707	R	S	5	10380931	n/a	N
P17427	849	1qts	A	1.4	849	E	A	9	10380931	n/a	N
P17427	707	1qts	A	1.4	707	R	S	5	10380931	n/a	N
P17427	849	1qts	A	1.4	849	E	A	9	10380931	n/a	N
P17427	707	1qts	A	1.4	707	R	S	5	10380931	n/a	N
P17427	849	1qts	A	1.4	849	E	A	9	10380931	n/a	N
P12493	177	6wap	A	-1	45	E	A	4	24130490	n/a	N
P12493	186	6wap	A	-1	54	T	A	1	24130490	n/a	N
P12493	202	6wap	A	-1	70	K	A	8	24130490	n/a	N
P12493	202	6wap	A	-1	70	K	R	8	24130490	n/a	N
P12493	206	6wap	A	-1	74	N	A	9	24130490	n/a	N
P12493	206	6wap	A	-1	74	N	D	9	24130490	n/a	N
P12493	221	6wap	A	-1	89	G	V	9	24130490	n/a	N
P12493	170	6wap	A	-1	38	P	A	9	24130490	n/a	N
O75832	178	1tr4	A	-1	178	L	A	1	10613832	n/a	N
O88838	210	2afj	A	-1	210	C	A	8	16369487	n/a	N
P02829	101	1ah6	A	1.8	101	T	I	9	9632755	n/a	N
P13726	191	1boy	A	2.2	159	K	A	7	7654692	n/a	N
P13726	167	1boy	A	2.2	135	R	A	5	7654692	n/a	N
P13726	57	1boy	A	2.2	25	W	F	9	7654692	n/a	N
P13726	69	1boy	A	2.2	37	Q	A	6	7654692	n/a	N
P13726	56	1boy	A	2.2	24	E	A	4	7654692	n/a	N
P13726	46	1boy	A	2.2	14	W	F	8	7654692	n/a	N
O75475	364	1z9e	A	-1	364	K	A	4	15895093	n/a	N
O75475	373	1z9e	A	-1	373	C	A	8	15895093	n/a	N
O75475	379	1z9e	A	-1	379	E	A	7	15895093	n/a	N
O75475	383	1z9e	A	-1	383	L	A	5	15895093	n/a	N
O75475	384	1z9e	A	-1	384	Q	A	2	15895093	n/a	N
O75475	407	1z9e	A	-1	407	K	A	7	15895093	n/a	N
O75475	413	1z9e	A	-1	413	M	A	6	15895093	n/a	N
O75475	415	1z9e	A	-1	415	K	A	9	15895093	n/a	N
O75475	367	1z9e	A	-1	367	N	A	2	15895093	n/a	N
O75475	368	1z9e	A	-1	368	L	A	2	15895093	n/a	N
O75475	369	1z9e	A	-1	369	D	A	9	15895093	n/a	N
O75475	370	1z9e	A	-1	370	V	A	4	15895093	n/a	N
O75475	371	1z9e	A	-1	371	N	A	1	15895093	n/a	N
O75475	408	1z9e	A	-1	408	V	A	5	15895093	n/a	N
O75475	411	1z9e	A	-1	411	V	A	1	15895093	n/a	N
O75475	418	1z9e	A	-1	418	M	A	4	15895093	n/a	N
O75475	354	1z9e	A	-1	354	R	A	4	15895093	n/a	N
O75475	356	1z9e	A	-1	356	H	A	7	15895093	n/a	N
O75475	360	1z9e	A	-1	360	K	A	7	15895093	n/a	N
O75475	395	1z9e	A	-1	395	E	A	5	15895093	n/a	N
O75475	402	1z9e	A	-1	402	K	A	7	15895093	n/a	N
O75475	405	1z9e	A	-1	405	R	A	4	15895093	n/a	N
O75475	420	1z9e	A	-1	420	Y	A	8	15895093	n/a	N
Q9ULZ3	10	2kn6	A	-1	10	D	A	3	15641782	n/a	N
Q9ULZ3	22	2kn6	A	-1	22	K	A	6	15641782	n/a	N
Q9ULZ3	24	2kn6	A	-1	24	K	A	7	15641782	n/a	N
Q9ULZ3	33	2kn6	A	-1	33	R	A	7	15641782	n/a	N
Q9ULZ3	34	2kn6	A	-1	34	E	A	2	15641782	n/a	N
Q9ULZ3	38	2kn6	A	-1	38	R	A	6	15641782	n/a	N
Q9ULZ3	55	2kn6	A	-1	55	K	A	7	15641782	n/a	N
Q9ULZ3	74	2kn6	A	-1	74	R	A	4	15641782	n/a	N
Q9ULZ3	75	2kn6	A	-1	75	D	A	2	15641782	n/a	N
Q9ULZ3	80	2kn6	A	-1	80	E	A	3	15641782	n/a	N
Q9ULZ3	28	2kn6	A	-1	28	L	A	5	15641782	n/a	N
Q9ULZ3	30	2kn6	A	-1	30	V	A	5	15641782	n/a	N
Q9ULZ3	32	2kn6	A	-1	32	L	A	7	15641782	n/a	N
Q9ULZ3	44	2kn6	A	-1	44	L	A	8	15641782	n/a	N
Q9ULZ3	50	2kn6	A	-1	50	L	A	3	15641782	n/a	N
Q9ULZ3	57	2kn6	A	-1	57	V	A	8	15641782	n/a	N
Q9ULZ3	59	2kn6	A	-1	59	F	A	5	15641782	n/a	N
Q9ULZ3	61	2kn6	A	-1	61	L	A	7	15641782	n/a	N
Q9ULZ3	73	2kn6	A	-1	73	L	A	9	15641782	n/a	N
Q9ULZ3	81	2kn6	A	-1	81	M	A	3	15641782	n/a	N
Q9ULZ3	85	2kn6	A	-1	85	L	A	9	15641782	n/a	N
Q9ULZ3	3	2kn6	A	-1	3	R	A	1	15641782	n/a	N
Q9ULZ3	5	2kn6	A	-1	5	R	A	7	15641782	n/a	N
Q9ULZ3	6	2kn6	A	-1	6	D	A	6	15641782	n/a	N
Q9ULZ3	18	2kn6	A	-1	18	E	A	1	15641782	n/a	N
Q9ULZ3	54	2kn6	A	-1	54	K	A	6	15641782	n/a	N
Q9ULZ3	9	2kn6	A	-1	9	L	A	5	15641782	n/a	N
Q9ULZ3	31	2kn6	A	-1	31	P	A	3	15641782	n/a	N
Q9ULZ3	39	2kn6	A	-1	39	I	A	9	15641782	n/a	N
Q9ULZ3	78	2kn6	A	-1	78	L	A	5	15641782	n/a	N
P60953	12	1aje	A	-1	12	G	V	7	11260256	n/a	N
Q99828	149	1dgu	A	-1	141	M	A	5	12023286	n/a	N
Q27974	849	1n4c	A	-1	121	K	C	2	12741832	n/a	N
Q27974	847	1n4c	A	-1	119	K	C	7	12741832	n/a	N
O60493	75	2mxc	A	-1	75	E	A	7	30213940	n/a	N
O60493	154	2mxc	A	-1	154	Y	A	7	30213940	n/a	N
O60493	156	2mxc	A	-1	156	P	A	8	30213940	n/a	N
P9WIA1	126	2luo	A	-1	126	D	A	9	22087003	n/a	N
Q9NPD8	5	1yh2	A	2	5	S	R	1	24389026	n/a	N
Q9UJY5	205	1oxz	A	2.8	205	Q	A	6	15143060	n/a	N
Q9UJY5	178	1oxz	A	2.8	178	L	A	9	15143060	n/a	N
Q9UJY5	205	1oxz	A	2.8	205	Q	A	6	15143060	n/a	N
Q9UJY5	246	1oxz	A	2.8	246	E	R	1	15143060	n/a	N
Q9UJY5	255	1oxz	A	2.8	255	R	Q	6	15143060	n/a	N
Q9UJY5	258	1oxz	A	2.8	258	R	N	5	15143060	n/a	N
Q9UJY5	276	1oxz	A	2.8	276	A	G	6	15143060	n/a	N
Q9UJY5	289	1oxz	A	2.8	289	Q	R	3	15143060	n/a	N
Q9UJY5	261	1oxz	A	2.8	261	P	R	7	15143060	n/a	N
Q9Z297	13	1n3k	A	-1	13	N	R	1	12456656	n/a	N
Q9Z297	14	1n3k	A	-1	14	N	R	5	12456656	n/a	N
Q9Z297	16	1n3k	A	-1	16	T	R	7	12456656	n/a	N
Q9Z297	18	1n3k	A	-1	18	E	R	5	12456656	n/a	N
Q9Z297	22	1n3k	A	-1	22	Q	A	5	12456656	n/a	N
Q9Z297	25	1n3k	A	-1	25	S	E	5	12456656	n/a	N
Q9Z297	34	1n3k	A	-1	34	E	R	1	12456656	n/a	N
Q9Z297	40	1n3k	A	-1	40	T	R	3	12456656	n/a	N
Q9Z297	50	1n3k	A	-1	50	E	R	7	12456656	n/a	N
Q9Z297	61	1n3k	A	-1	61	S	R	7	12456656	n/a	N
Q9Z297	64	1n3k	A	-1	64	E	A	8	12456656	n/a	N
Q9Z297	71	1n3k	A	-1	71	R	A	7	12456656	n/a	N
Q9Z297	72	1n3k	A	-1	72	R	A	9	12456656	n/a	N
Q9Z297	77	1n3k	A	-1	77	T	A	8	12456656	n/a	N
Q9Z297	78	1n3k	A	-1	78	M	R	3	12456656	n/a	N
Q9Z297	81	1n3k	A	-1	81	D	A	4	12456656	n/a	N
Q9Z297	85	1n3k	A	-1	85	R	A	2	12456656	n/a	N
Q9Z297	114	1n3k	A	-1	114	Q	R	2	12456656	n/a	N
Q9Z297	118	1n3k	A	-1	118	E	R	5	12456656	n/a	N
Q9Z297	119	1n3k	A	-1	119	E	R	5	12456656	n/a	N
Q9Z297	120	1n3k	A	-1	120	I	R	4	12456656	n/a	N
Q9Z297	122	1n3k	A	-1	122	K	E	6	12456656	n/a	N
Q9Z297	6	1n3k	A	-1	6	T	R	1	12456656	n/a	N
Q9Z297	9	1n3k	A	-1	9	Q	R	1	12456656	n/a	N
Q9Z297	29	1n3k	A	-1	29	E	A	8	12456656	n/a	N
Q9Z297	56	1n3k	A	-1	56	D	A	1	12456656	n/a	N
Q9Z297	65	1n3k	A	-1	65	H	A	8	12456656	n/a	N
Q9Z297	124	1n3k	A	-1	124	A	R	6	12456656	n/a	N
P25445	305	1ddf	A	-1	289	T	K	3	20935634	n/a	N
P25445	302	1ddf	A	-1	286	N	K	3	20935634	n/a	N
Q01196	140	1co1	A	-1	100	S	G	9	19202074	n/a	N
Q9JI78	58	2d5u	A	-1	63	N	A	9	16709668	n/a	N
P35189	24	2l7e	A	-1	24	V	L	4	27089029	n/a	N
P51532	1488	2grc	A	1.5	1488	L	A	8	17274598	n/a	N
P51532	1538	2grc	A	1.5	1538	T	A	5	17274598	n/a	N
P78543	115	3dju	B	2.26	115	E	A	9	18974182	n/a	N
P78543	53	3dju	B	2.26	53	H	A	9	23236473	n/a	N
P78543	108	3dju	B	2.26	108	E	A	8	23236473	n/a	N
P78543	115	3dju	B	2.26	115	E	A	9	23236473	n/a	N
P22892	728	1gyu	A	1.81	728	P	S	4	12176391	n/a	N
P22892	765	1gyu	A	1.81	765	P	N	9	12176391	n/a	N
P56279	30	1jsg	A	2.5	30	K	M	2	11839817	n/a	N
P56279	46	1jsg	A	2.5	46	Q	R	6	11839817	n/a	N
P56279	106	1jsg	A	2.5	106	M	V	7	11839817	n/a	N
P56279	30	1jsg	A	2.5	30	K	M	2	11839817	n/a	N
P56279	46	1jsg	A	2.5	46	Q	R	6	11839817	n/a	N
P56279	106	1jsg	A	2.5	106	M	V	7	11839817	n/a	N
Q9Y239	40	2dbd	A	-1	31	L	A	6	17054981	n/a	N
Q9Y239	42	2dbd	A	-1	33	D	K	8	17054981	n/a	N
Q9Y239	44	2dbd	A	-1	35	L	A	9	17054981	n/a	N
Q9Y239	48	2dbd	A	-1	39	D	K	2	17054981	n/a	N
Q9Y239	52	2dbd	A	-1	43	A	S	1	17054981	n/a	N
Q9Y239	57	2dbd	A	-1	48	I	A	7	17054981	n/a	N
Q9Y239	67	2dbd	A	-1	58	K	A	8	17054981	n/a	N
O43353	480	2n7z	A	-1	47	K	E	3	17054981	n/a	N
O43353	448	2n7z	A	-1	15	V	A	8	17054981	n/a	N
O43353	469	2n7z	A	-1	36	I	A	7	17054981	n/a	N
O43353	500	2n7z	A	-1	67	E	A	2	17054981	n/a	N
O43353	481	2n7z	A	-1	48	P	A	2	17054981	n/a	N
P08887	232	2arw	A	-1	22	R	S	4	8467812	n/a	N
P08887	233	2arw	A	-1	23	W	Q	3	8467812	n/a	N
P08887	254	2arw	A	-1	44	E	A	7	8467812	n/a	N
P08887	277	2arw	A	-1	67	C	D	2	8467812	n/a	N
P08887	278	2arw	A	-1	68	V	N	3	8467812	n/a	N
Q14596	12	1wj6	A	-1	22	K	A	4	12813044	n/a	N
Q96QB1	477	2dky	A	-1	47	F	G	8	19158340	n/a	N
P41743	29	1vd2	A	-1	20	K	A	8	15143057	n/a	N
O95429	414	1m62	A	-1	414	E	A	9	12058034	n/a	N
O95429	453	1m62	A	-1	453	E	A	9	12058034	n/a	N
P53141	135	2fce	A	-1	135	G	E	6	15210731	n/a	N
Q9H3P7	266	2n72	A	-1	27	Y	A	1	27009356	n/a	N
P03709	97	2lsm	A	-1	97	H	A	9	22801427	n/a	N
P03709	106	2lsm	A	-1	106	F	A	5	22801427	n/a	N
P23561	54	1ow5	A	-1	54	Y	R	2	15327964	n/a	N
Q13501	398	1q02	A	-1	14	L	V	6	15340068	n/a	N
Q13501	413	1q02	A	-1	29	L	V	9	15340068	n/a	N
Q13501	431	1q02	A	-1	47	I	V	7	15340068	n/a	N
P32628	10	2nbu	A	-1	10	K	A	7	20427284	0.496	N
P01563	54	1itf	A	-1	31	K	A	7	10556041	0.493	N
P48551	216	1n6u	A	-1	189	D	R	1	10556041	0.49	N
Q5D734	30	2mbk	A	-1	3	T	P	1	18477456	0.486	N
Q5D734	45	2mbk	A	-1	18	I	A	6	18477456	0.486	N
P05112	105	1bbn	A	-1	85	R	A	1	9050834	0.48	N
P48551	74	1n6u	A	-1	47	S	A	9	10556041	0.47	N
O95760	244	2kll	A	-1	134	D	K	6	23980170	0.47	N
P01033	41	1d2b	A	-1	18	V	A	9	9268350	0.47	N
P13726	228	1boy	A	2.2	196	R	A	9	8312277	0.46	N
P68036	6	6xxu	A	-1	6	R	A	9	17433363	0.46	N
P01391	25	1ctx	A	2.8	25	W	F	5	10574958	0.46	N
P01391	5	1ctx	A	2.8	5	I	A	3	10852927	0.46	N
Q5D734	32	2mbk	A	-1	5	T	P	5	18477456	0.46	N
P13479	47	1e0h	A	-1	47	P	A	9	9425068	0.44	N
P62593	97	1zg4	A	1.55	99	Q	A	1	17070843	0.43	N
P13726	82	1boy	A	2.2	50	F	A	6	7654692	0.43	N
Q99816	46	1kpp	A	-1	46	D	A	7	12006492	0.43	N
Q53EL6	373	2ggf	A	-1	373	E	A	9	19153607	0.43	N
P05112	109	1bbn	A	-1	89	R	A	1	9050834	0.43	N
P01391	4	1ctx	A	2.8	4	F	A	4	10852927	0.43	N
P13726	80	1boy	A	2.2	48	K	A	5	7654692	0.414	N
P01563	58	1itf	A	-1	35	D	A	8	21854986	0.41	N
P01563	57	1itf	A	-1	34	H	A	2	10556041	0.41	N
P68036	98	6xxu	A	-1	98	A	G	7	17433363	0.41	N
P05112	141	1bbn	A	-1	121	K	A	6	9799097	0.41	N
P09038	239	1bfg	A	1.6	97	R	A	2	7665610	0.41	N
P40075	122	6lp4	A	2.049	122	K	N	7	15668246	0.41	N
P40075	82	6lp4	A	2.049	82	R	N	7	15668246	0.41	N
P20783	171	1nt3	A	2.4	33	H	A	1	7529173	0.41	N
P01391	9	1ctx	A	2.8	9	I	A	1	10852927	0.41	N
P13726	84	1boy	A	2.2	52	T	A	5	7654692	0.405	N
Q99816	88	1kpp	A	-1	88	F	A	4	12006492	0.4	N
P01391	32	1ctx	A	2.8	32	I	A	1	10852927	0.4	N
P07363	216	1fwp	A	-1	58	I	A	7	21642453	0.4	N
P60953	38	1aje	A	-1	38	D	E	7	9632678	0.39	N
P48551	80	1n6u	A	-1	53	K	A	3	10556041	0.38	N
P01236	58	1rw5	A	-1	30	H	A	5	20889499	0.38	N
P01563	55	1itf	A	-1	32	D	A	8	10556041	0.38	N
P01391	6	1ctx	A	2.8	6	T	A	6	10852927	0.38	N
P68390	143	1omt	A	-1	14	P	A	2	11171964	0.375	N
P21836	368	1c2b	A	4.5	337	Y	A	2	8157652	0.37	N
Q14116	181	1j0s	A	-1	145	G	A	2	25500532	0.37	N
P09038	173	1bfg	A	1.6	31	F	A	8	7929426	0.37	N
P01236	58	1rw5	A	-1	30	H	A	5	20889499	0.36	N
P05112	108	1bbn	A	-1	88	K	A	1	9050834	0.35	N
P09038	256	1bfg	A	1.6	114	W	F	6	7665610	0.35	N
P20783	194	1nt3	A	2.4	56	R	A	3	7529173	0.35	N
O15118	424	5f18	A	2	52	P	A	1	26771495	0.34	N
P01033	39	1d2b	A	-1	16	D	N	7	9268350	0.34	N
P10600	392	1tgk	A	3.3	92	V	I	5	19161338	0.34	N
P13479	26	1e0h	A	-1	26	D	A	3	9425068	0.34	N
P01391	31	1ctx	A	2.8	31	S	A	1	10852927	0.34	N
P62593	128	1zg4	A	1.55	130	S	A	9	15618400	0.33	N
Q99816	43	1kpp	A	-1	43	V	A	7	12006492	0.33	N
P03950	57	5eop	A	1.35	33	R	A	9	1281426	0.326	N
P13726	126	1boy	A	2.2	94	Y	A	4	7654692	0.324	N
P13726	73	1boy	A	2.2	41	K	A	1	7654692	0.321	N
P01236	55	1rw5	A	-1	27	H	A	6	20889499	0.32	N
P01236	58	1rw5	A	-1	30	H	A	5	20889499	0.32	N
Q01196	144	1co1	A	-1	104	K	M	8	11257229	0.319	N
P48551	75	1n6u	A	-1	48	K	A	4	10556041	0.31	N
P48551	101	1n6u	A	-1	74	S	A	2	10556041	0.31	N
P0CG48	614	2k25	A	-1	14	K	R	7	10518943	0.31	N
P13479	31	1e0h	A	-1	31	E	A	1	9425068	0.31	N
P01563	103	1itf	A	-1	80	L	A	8	16171819	0.302	N
P01563	108	1itf	A	-1	85	Y	A	1	16171819	0.302	N
P01563	112	1itf	A	-1	89	Y	A	1	16171819	0.302	N
P13726	126	1boy	A	2.2	94	Y	A	4	7756258	0.3	N
P01563	48	1itf	A	-1	25	S	A	7	10984492	0.3	N
Q99816	141	1kpp	A	-1	141	V	A	9	12006492	0.3	N
P03950	36	5eop	A	1.35	12	Q	A	8	9050852	0.3	N
P13479	44	1e0h	A	-1	44	T	A	6	9425068	0.3	N
P01236	55	1rw5	A	-1	27	H	A	6	20889499	0.29	N
P01236	58	1rw5	A	-1	30	H	A	5	20889499	0.29	N
P01236	58	1rw5	A	-1	30	H	A	5	20889499	0.29	N
P68036	64	6xxu	A	-1	64	K	A	8	17433363	0.29	N
P09038	252	1bfg	A	1.6	110	K	E	1	7929426	0.29	N
P35225	120	1ga3	A	-1	87	D	A	9	20223216	0.29	N
P62593	270	1zg4	A	1.55	274	M	A	1	24947275	0.28	N
P01236	58	1rw5	A	-1	30	H	A	5	20889499	0.28	N
P01563	148	1itf	A	-1	125	R	A	7	21854986	0.28	N
P0CG48	635	2k25	A	-1	35	K	R	9	10518943	0.28	N
P0CG48	652	2k25	A	-1	52	I	A	6	10518943	0.28	N
P13479	69	1e0h	A	-1	69	N	A	2	9425068	0.28	N
P32628	67	2nbu	A	-1	67	Q	A	8	20427284	0.28	N
P48551	101	1n6u	A	-1	74	S	A	2	21854986	0.27	N
P01391	11	1ctx	A	2.8	11	S	A	6	10852927	0.27	N
P01050	19	1hic	A	-1	19	S	D	6	8135762	0.27	N
P48551	102	1n6u	A	-1	75	T	A	1	21854986	0.26	N
P35225	44	1ga3	A	-1	11	R	A	2	20223216	0.26	N
P09038	186	1bfg	A	1.6	44	R	A	6	7929426	0.25	N
P03950	55	5eop	A	1.35	31	R	A	3	1281426	0.25	N
P20783	235	1nt3	A	2.4	97	V	E	2	7529173	0.25	N
P13726	93	1boy	A	2.2	61	D	A	3	8312277	0.241	N
P62593	105	1zg4	A	1.55	107	P	A	9	24947275	0.24	N
P48551	217	1n6u	A	-1	190	E	A	5	21854986	0.24	N
P09038	243	1bfg	A	1.6	101	N	A	9	7929426	0.24	N
P03950	113	5eop	A	1.35	89	W	A	2	10970748	0.24	N
P13726	78	1boy	A	2.2	46	K	A	2	7654692	0.232	N
O95760	163	2kll	A	-1	53	Y	A	3	23980170	0.23	N
P05112	29	1bbn	A	-1	9	I	A	1	9799097	0.23	N
P05112	32	1bbn	A	-1	12	Q	A	1	9799097	0.23	N
P01563	45	1itf	A	-1	22	R	A	6	21854986	0.22	N
P09038	251	1bfg	A	1.6	109	R	A	3	7665610	0.22	N
P13479	32	1e0h	A	-1	32	E	A	5	9425068	0.22	N
P13726	199	1boy	A	2.2	167	T	A	2	7654692	0.212	N
P48551	77	1n6u	A	-1	50	E	A	5	21854986	0.21	N
P01563	156	1itf	A	-1	133	K	A	9	21854986	0.21	N
P13479	45	1e0h	A	-1	45	E	A	8	9425068	0.21	N
P01236	74	1rw5	A	-1	46	H	A	6	20889499	0.204	N
P03950	90	5eop	A	1.35	66	R	A	1	1281426	0.202	N
P48551	77	1n6u	A	-1	50	E	A	5	10556041	0.2	N
P13726	75	1boy	A	2.2	43	G	A	1	7756258	0.2	N
P20783	192	1nt3	A	2.4	54	E	A	9	7529173	0.2	N
P04049	88	1rfa	A	-1	88	V	A	6	15236966	0.2	N
P13726	178	1boy	A	2.2	146	V	A	7	8312277	0.199	N
P01563	157	1itf	A	-1	134	K	A	4	21854986	0.19	N
P13479	35	1e0h	A	-1	35	K	A	1	9425068	0.19	N
P01391	21	1ctx	A	2.8	21	Y	F	6	10852927	0.19	N
P01391	8	1ctx	A	2.8	8	D	R	2	10852927	0.19	N
P07363	213	1fwp	A	-1	55	C	A	9	21642453	0.19	N
O15118	424	5f18	A	2	52	P	G	1	26771495	0.18	N
P13726	50	1boy	A	2.2	18	N	A	9	7654692	0.18	N
P09038	164	1bfg	A	1.6	22	R	A	7	7929426	0.18	N
P13726	184	1boy	A	2.2	152	I	A	3	7654692	0.179	N
P62593	105	1zg4	A	1.55	107	P	A	9	17070843	0.17	N
P48551	100	1n6u	A	-1	73	R	A	1	21854986	0.17	N
P01563	87	1itf	A	-1	64	F	A	7	16171819	0.17	N
P01563	96	1itf	A	-1	73	S	A	8	16171819	0.17	N
P01563	102	1itf	A	-1	79	T	A	6	16171819	0.17	N
P01563	109	1itf	A	-1	86	T	A	3	16171819	0.17	N
P01563	113	1itf	A	-1	90	Q	A	5	16171819	0.17	N
P01563	116	1itf	A	-1	93	N	A	1	16171819	0.17	N
P01563	119	1itf	A	-1	96	E	A	4	16171819	0.17	N
P09038	253	1bfg	A	1.6	111	Y	A	3	7929426	0.17	N
P09038	188	1bfg	A	1.6	46	K	A	2	7929426	0.17	N
P03950	108	5eop	A	1.35	84	H	A	2	10970748	0.17	N
P20783	235	1nt3	A	2.4	97	V	E	2	7529173	0.17	N
P13479	28	1e0h	A	-1	28	S	A	1	9425068	0.17	N
P01391	8	1ctx	A	2.8	8	D	A	2	10852927	0.17	N
P48551	217	1n6u	A	-1	190	E	A	5	10556041	0.16	N
P05112	101	1bbn	A	-1	81	K	A	1	9050834	0.16	N
P13726	188	1boy	A	2.2	156	Y	L	3	7654692	0.155	N
P09038	254	1bfg	A	1.6	112	T	A	1	7929426	0.15	N
P13479	24	1e0h	A	-1	24	N	A	1	9425068	0.14	N
P13726	235	1boy	A	2.2	203	T	A	6	7654692	0.1352	N
P01236	55	1rw5	A	-1	27	H	A	6	20889499	0.13	N
P05112	102	1bbn	A	-1	82	Q	A	8	9050834	0.13	N
P01033	27	1d2b	A	-1	4	V	A	1	12515831	0.13	N
P09038	256	1bfg	A	1.6	114	W	A	6	7929426	0.13	N
P20783	176	1nt3	A	2.4	38	L	E	4	7529173	0.13	N
P01236	201	1rw5	A	-1	173	H	A	6	20889499	0.125	N
P13726	190	1boy	A	2.2	158	W	F	4	7654692	0.123	N
P13726	49	1boy	A	2.2	17	T	A	4	7654692	0.12	N
P01236	55	1rw5	A	-1	27	H	A	6	20889499	0.12	N
P20783	162	1nt3	A	2.4	24	K	A	7	7529173	0.12	N
P17728	38	1lqh	A	-1	20	D	N	6	9169449	0.12	N
P13726	201	1boy	A	2.2	169	K	A	1	7654692	0.117	N
P13726	60	1boy	A	2.2	28	K	A	4	7654692	0.117	N
P03950	92	5eop	A	1.35	68	N	A	3	9050852	0.117	N
Q13951	65	1cl3	A	-1	65	S	A	4	12807883	0.114	N
P09038	253	1bfg	A	1.6	111	Y	A	3	7929426	0.11	N
P01391	21	1ctx	A	2.8	21	Y	F	6	10574958	0.11	N
P13726	211	1boy	A	2.2	179	V	A	7	8312277	0.109	N
P13726	229	1boy	A	2.2	197	T	A	2	8312277	0.109	N
P13726	230	1boy	A	2.2	198	V	A	1	8312277	0.109	N
P13726	58	1boy	A	2.2	26	E	A	5	7654692	0.101	N
P48551	33	1n6u	A	-1	6	D	R	4	21854986	0.1	N
P01563	46	1itf	A	-1	23	R	A	8	21854986	0.1	N
P05112	30	1bbn	A	-1	10	T	A	3	9799097	0.1	N
P20783	227	1nt3	A	2.4	89	L	E	7	7529173	0.1	N
P04049	64	1rfa	A	-1	64	N	A	9	15236966	0.1	N
P04049	88	1rfa	A	-1	88	V	A	6	15236966	0.1	N
P04049	66	1rfa	A	-1	66	Q	A	9	15236966	0.1	N
P01236	58	1rw5	A	-1	30	H	A	5	20889499	0.09	N
P68036	60	6xxu	A	-1	60	E	A	7	17433363	0.09	N
P20783	171	1nt3	A	2.4	33	H	A	1	7529173	0.09	N
P07363	207	1fwp	A	-1	49	D	A	9	21642453	0.09	N
P13726	160	1boy	A	2.2	128	E	A	4	7654692	0.086	N
P13726	208	1boy	A	2.2	176	L	A	4	7654692	0.08	N
P09038	251	1bfg	A	1.6	109	R	T	3	7929426	0.08	N
P05112	35	1bbn	A	-1	15	I	A	9	9050834	0.07	N
P09038	188	1bfg	A	1.6	46	K	A	2	7929426	0.07	N
P09038	284	1bfg	A	1.6	142	M	A	8	7929426	0.07	N
P68036	60	6xxu	A	-1	60	E	R	7	17433363	0.06	N
P05112	37	1bbn	A	-1	17	T	A	5	9799097	0.06	N
P09038	255	1bfg	A	1.6	113	S	A	1	7929426	0.06	N
Q53EL6	403	2ggf	A	-1	403	R	A	7	19153607	0.05	N
P01391	13	1ctx	A	2.8	13	D	A	5	10574958	0.05	N
P01391	35	1ctx	A	2.8	35	K	A	4	10574958	0.05	N
P01391	47	1ctx	A	2.8	47	T	A	2	10574958	0.05	N
P01391	47	1ctx	A	2.8	47	T	A	2	10852927	0.05	N
P01391	4	1ctx	A	2.8	4	F	A	4	10574958	0.05	N
P01391	31	1ctx	A	2.8	31	S	A	1	10574958	0.05	N
P01391	66	1ctx	A	2.8	66	P	A	8	10574958	0.05	N
P01391	10	1ctx	A	2.8	10	T	A	2	10852927	0.05	N
P01391	28	1ctx	A	2.8	28	A	R	1	10852927	0.05	N
P13726	79	1boy	A	2.2	47	S	A	4	7654692	0.044	N
P62593	214	1zg4	A	1.55	216	V	A	9	24947275	0.04	N
P48551	124	1n6u	A	-1	97	H	A	1	21854986	0.04	N
P01563	136	1itf	A	-1	113	E	V	1	21854986	0.04	N
P01033	45	1d2b	A	-1	22	K	R	7	9268350	0.04	N
P01236	87	1rw5	A	-1	59	H	A	9	20889499	0.033	N
O15118	423	5f18	A	2	51	Y	A	5	26771495	0.03	N
P48551	36	1n6u	A	-1	9	D	R	1	21854986	0.03	N
P01563	143	1itf	A	-1	120	R	K	5	21854986	0.03	N
P07363	181	1fwp	A	-1	23	H	A	9	21642453	0.03	N
P01050	49	1hic	A	-1	49	Q	E	4	8135762	0.03	N
P13726	195	1boy	A	2.2	163	S	A	8	7654692	0.023	N
P01563	129	1itf	A	-1	106	T	E	3	21854986	0.02	N
P05112	40	1bbn	A	-1	20	S	A	2	9799097	0.02	N
P09038	164	1bfg	A	1.6	22	R	A	7	7929426	0.02	N
P35225	121	1ga3	A	-1	88	T	A	9	20223216	0.02	N
P01563	63	1itf	A	-1	40	Q	A	2	10984492	0.019	N
P13726	213	1boy	A	2.2	181	K	A	3	7654692	0.017	N
P09038	255	1bfg	A	1.6	113	S	A	1	7929426	0.01	N
P09038	168	1bfg	A	1.6	26	K	A	4	7929426	0.01	N
P13479	48	1e0h	A	-1	48	S	A	2	9425068	0.01	N
P48551	78	1n6u	A	-1	51	D	A	1	21854986	0	N
P48551	159	1n6u	A	-1	132	E	R	1	21854986	0	N
P48551	214	1n6u	A	-1	187	H	A	6	21854986	0	N
P48551	55	1n6u	A	-1	28	E	R	7	21854986	0	N
P13726	176	1boy	A	2.2	144	R	A	8	7654692	0	N
P13726	91	1boy	A	2.2	59	L	A	7	8312277	0	N
P13726	94	1boy	A	2.2	62	E	A	7	8312277	0	N
P13726	95	1boy	A	2.2	63	I	A	1	8312277	0	N
P13726	96	1boy	A	2.2	64	V	A	6	8312277	0	N
P13726	101	1boy	A	2.2	69	Q	A	5	8312277	0	N
P13726	139	1boy	A	2.2	107	N	A	2	8312277	0	N
P13726	163	1boy	A	2.2	131	R	A	3	8312277	0	N
P13726	164	1boy	A	2.2	132	T	A	9	8312277	0	N
P13726	170	1boy	A	2.2	138	N	A	2	8312277	0	N
P13726	189	1boy	A	2.2	157	Y	A	9	8312277	0	N
P13726	231	1boy	A	2.2	199	N	A	4	8312277	0	N
P01563	39	1itf	A	-1	16	M	A	1	21854986	0	N
P01563	48	1itf	A	-1	25	S	A	7	21854986	0	N
P01563	154	1itf	A	-1	131	K	A	3	21854986	0	N
P01563	51	1itf	A	-1	28	S	A	7	10556041	0	N
P01563	64	1itf	A	-1	41	E	A	5	10556041	0	N
P01563	85	1itf	A	-1	62	Q	A	9	16171819	0	N
P01563	88	1itf	A	-1	65	N	A	4	16171819	0	N
P01563	91	1itf	A	-1	68	S	A	4	16171819	0	N
P01563	92	1itf	A	-1	69	T	A	7	16171819	0	N
P01563	93	1itf	A	-1	70	K	A	3	16171819	0	N
P01563	106	1itf	A	-1	83	K	A	3	16171819	0	N
Q13951	58	1cl3	A	-1	58	V	A	4	12807883	0	N
P05112	32	1bbn	A	-1	12	Q	A	1	9050834	0	N
P01033	27	1d2b	A	-1	4	V	A	1	12515831	0	N
P01033	27	1d2b	A	-1	4	V	S	1	12515831	0	N
P01033	27	1d2b	A	-1	4	V	I	1	12515831	0	N
Q13241	146	1b6e	A	2.6	146	T	A	7	18083576	0	N
P20783	153	1nt3	A	2.4	15	D	A	6	7529173	0	N
P0CG48	676	2k25	A	-1	76	H	N	6	10518943	0	N
P0CG48	641	2k25	A	-1	41	K	R	7	10518943	0	N
P11540	45	1bta	A	-1	44	W	F	3	7739054	0	N
P04049	69	1rfa	A	-1	69	V	A	7	15236966	0	N
P01391	12	1ctx	A	2.8	12	K	E	2	10574958	0	N
P01391	25	1ctx	A	2.8	25	W	F	5	10852927	0	N
P01391	28	1ctx	A	2.8	28	A	R	1	10574958	0	N
P01391	7	1ctx	A	2.8	7	P	A	3	10852927	0	N
Q5D734	28	2mbk	A	-1	1	L	A	3	18477456	0	N
Q5D734	28	2mbk	A	-1	1	L	R	3	18477456	0	N
P13726	227	1boy	A	2.2	195	S	A	8	7654692	-0.003	N
P13726	240	1boy	A	2.2	208	E	A	3	7654692	-0.005	N
P13726	177	1boy	A	2.2	145	D	A	7	7654692	-0.01	N
P01563	179	1itf	A	-1	156	N	A	1	21854986	-0.01	N
P62593	166	1zg4	A	1.55	168	E	A	2	17070843	-0.02	N
P13726	171	1boy	A	2.2	139	T	A	5	7654692	-0.02	N
P01563	125	1itf	A	-1	102	G	E	3	21854986	-0.02	N
P68036	52	6xxu	A	-1	52	R	A	3	17433363	-0.02	N
P13726	204	1boy	A	2.2	172	T	A	6	7654692	-0.03	N
P13726	165	1boy	A	2.2	133	L	A	7	7654692	-0.03	N
P13726	161	1boy	A	2.2	129	D	A	8	7654692	-0.03	N
P05112	36	1bbn	A	-1	16	K	S	4	9050834	-0.04	N
P05112	39	1bbn	A	-1	19	N	A	9	9050834	-0.04	N
Q01196	159	1co1	A	-1	119	V	A	3	12807883	-0.04	N
P35225	48	1ga3	A	-1	15	E	A	3	20223216	-0.04	N
P62593	270	1zg4	A	1.55	274	M	A	1	24947275	-0.05	N
P62593	268	1zg4	A	1.55	272	M	A	3	24947275	-0.05	N
P13726	104	1boy	A	2.2	72	L	A	1	8312277	-0.05	N
P13726	137	1boy	A	2.2	105	E	A	7	8312277	-0.05	N
P13726	138	1boy	A	2.2	106	T	A	9	8312277	-0.05	N
P13726	168	1boy	A	2.2	136	R	A	1	8312277	-0.05	N
P13726	179	1boy	A	2.2	147	F	A	8	8312277	-0.05	N
P71590	461	2lc1	A	-1	34	Q	A	4	22275220	-0.05	N
P48551	165	1n6u	A	-1	138	D	R	2	10556041	-0.06	N
P01236	125	1rw5	A	-1	97	H	A	7	20889499	-0.06	N
P01563	151	1itf	A	-1	128	L	A	5	10556041	-0.06	N
P0CG48	635	2k25	A	-1	35	K	A	9	10518943	-0.06	N
P13726	100	1boy	A	2.2	68	K	A	1	7654692	-0.07	N
P13726	74	1boy	A	2.2	42	S	A	1	7654692	-0.07	N
P05112	139	1bbn	A	-1	119	R	A	6	9799097	-0.07	N
P07363	202	1fwp	A	-1	44	D	A	4	21642453	-0.07	N
P01236	55	1rw5	A	-1	27	H	A	6	20889499	-0.08	N
P01563	47	1itf	A	-1	24	I	A	5	21854986	-0.08	N
P01563	144	1itf	A	-1	121	K	A	4	21854986	-0.08	N
P05112	30	1bbn	A	-1	10	T	A	3	9050834	-0.08	N
P05112	106	1bbn	A	-1	86	F	A	1	9050834	-0.08	N
P09038	256	1bfg	A	1.6	114	W	A	6	7929426	-0.08	N
P20783	160	1nt3	A	2.4	22	T	Q	4	7529173	-0.08	N
P01391	13	1ctx	A	2.8	13	D	A	5	10852927	-0.08	N
P01391	6	1ctx	A	2.8	6	T	A	6	10574958	-0.08	N
P01050	19	1hic	A	-1	19	S	A	6	8135762	-0.08	N
P01236	55	1rw5	A	-1	27	H	A	6	20889499	-0.09	N
P09038	253	1bfg	A	1.6	111	Y	F	3	7665610	-0.09	N
P09038	251	1bfg	A	1.6	109	R	T	3	7929426	-0.09	N
P09038	252	1bfg	A	1.6	110	K	E	1	7929426	-0.09	N
P01391	7	1ctx	A	2.8	7	P	A	3	10574958	-0.09	N
P01391	8	1ctx	A	2.8	8	D	A	2	10574958	-0.09	N
P48551	165	1n6u	A	-1	138	D	R	2	21854986	-0.1	N
P48551	216	1n6u	A	-1	189	D	A	1	21854986	-0.1	N
P13726	83	1boy	A	2.2	51	Y	A	1	7756258	-0.1	N
P13726	68	1boy	A	2.2	36	V	A	9	7756258	-0.1	N
P13726	70	1boy	A	2.2	38	I	A	6	7756258	-0.1	N
P13726	79	1boy	A	2.2	47	S	A	4	7756258	-0.1	N
Q13241	79	1b6e	A	2.6	79	Q	A	1	18083576	-0.11	N
P13726	154	1boy	A	2.2	122	K	A	4	7654692	-0.12	N
P13726	48	1boy	A	2.2	16	S	A	9	8312277	-0.12	N
P01563	135	1itf	A	-1	112	K	N	2	21854986	-0.12	N
P01391	32	1ctx	A	2.8	32	I	A	1	10574958	-0.12	N
P01391	28	1ctx	A	2.8	28	A	G	1	10574958	-0.12	N
P48551	216	1n6u	A	-1	189	D	A	1	10556041	-0.13	N
P48551	125	1n6u	A	-1	98	N	A	1	21854986	-0.13	N
P35225	51	1ga3	A	-1	18	V	A	2	20223216	-0.13	N
P01391	53	1ctx	A	2.8	53	D	K	1	10852927	-0.13	N
P01050	20	1hic	A	-1	20	N	D	7	8135762	-0.13	N
P62593	98	1zg4	A	1.55	100	N	A	1	17070843	-0.14	N
P62593	238	1zg4	A	1.55	241	R	Y	2	27956635	-0.14	N
P05112	43	1bbn	A	-1	23	E	A	1	9799097	-0.14	N
P01033	28	1d2b	A	-1	5	P	A	4	9268350	-0.14	N
P01236	55	1rw5	A	-1	27	H	A	6	20889499	-0.15	N
P01391	8	1ctx	A	2.8	8	D	R	2	10574958	-0.15	N
P13726	196	1boy	A	2.2	164	G	R	8	7654692	-0.16	N
P13726	53	1boy	A	2.2	21	T	A	9	7654692	-0.16	N
P01563	155	1itf	A	-1	132	E	A	7	21854986	-0.16	N
P48551	105	1n6u	A	-1	78	A	M	3	21854986	-0.17	N
P01236	55	1rw5	A	-1	27	H	A	6	20889499	-0.17	N
P05112	40	1bbn	A	-1	20	S	A	2	9050834	-0.17	N
P01033	27	1d2b	A	-1	4	V	I	1	12515831	-0.17	N
P09038	254	1bfg	A	1.6	112	T	A	1	7929426	-0.17	N
P13726	131	1boy	A	2.2	99	E	A	1	7654692	-0.18	N
P01563	42	1itf	A	-1	19	A	W	1	21854986	-0.18	N
P68036	31	6xxu	A	-1	31	N	A	8	17433363	-0.18	N
P13726	239	1boy	A	2.2	207	V	A	3	7654692	-0.189	N
Q01196	142	1co1	A	-1	102	R	A	9	11257229	-0.19	N
P13726	65	1boy	A	2.2	33	V	A	7	7756258	-0.2	N
P13726	124	1boy	A	2.2	92	P	A	2	7756258	-0.2	N
P01236	55	1rw5	A	-1	27	H	A	6	20889499	-0.2	N
P00648	107	1bnr	A	-1	60	E	A	9	8494892	-0.2	N
P01391	53	1ctx	A	2.8	53	D	K	1	10574958	-0.2	N
P48551	125	1n6u	A	-1	98	N	A	1	10556041	-0.21	N
P20783	201	1nt3	A	2.4	63	V	A	1	7529173	-0.21	N
P01236	58	1rw5	A	-1	30	H	A	5	20889499	-0.22	N
P20783	153	1nt3	A	2.4	15	D	A	6	7529173	-0.22	N
P01391	11	1ctx	A	2.8	11	S	A	6	10574958	-0.22	N
P01391	9	1ctx	A	2.8	9	I	A	1	10574958	-0.22	N
P01391	10	1ctx	A	2.8	10	T	A	2	10574958	-0.22	N
P03950	94	5eop	A	1.35	70	R	A	6	1281426	-0.23	N
Q99816	44	1kpp	A	-1	44	F	A	7	12006492	-0.24	N
P0CG48	632	2k25	A	-1	32	E	A	2	10518943	-0.25	N
P0CG48	660	2k25	A	-1	60	D	A	8	10518943	-0.25	N
P0CG48	666	2k25	A	-1	66	D	A	7	10518943	-0.25	N
P01236	223	1rw5	A	-1	195	H	A	3	20889499	-0.26	N
P62593	236	1zg4	A	1.55	238	G	S	8	9891008	-0.27	N
Q99816	75	1kpp	A	-1	75	W	A	8	12006492	-0.28	N
Q13241	148	1b6e	A	2.6	148	N	A	6	18083576	-0.28	N
P01391	5	1ctx	A	2.8	5	I	A	3	10574958	-0.28	N
P03950	37	5eop	A	1.35	13	H	A	9	2479414	-0.29	N
P01236	58	1rw5	A	-1	30	H	A	5	20889499	-0.3	N
P17728	34	1lqh	A	-1	16	E	A	2	9169449	-0.3	N
P05112	43	1bbn	A	-1	23	E	A	1	9050834	-0.31	N
Q01196	66	1co1	A	-1	26	D	A	5	12807883	-0.32	N
P03950	132	5eop	A	1.35	108	E	A	4	9050852	-0.32	N
P13726	217	1boy	A	2.2	185	Y	A	9	7654692	-0.33	N
Q99816	89	1kpp	A	-1	89	V	A	9	12006492	-0.33	N
P09038	252	1bfg	A	1.6	110	K	A	1	7665610	-0.33	N
P68036	33	6xxu	A	-1	33	L	A	4	17433363	-0.36	N
P01236	55	1rw5	A	-1	27	H	A	6	20889499	-0.37	N
Q99816	63	1kpp	A	-1	63	Y	A	6	12006492	-0.38	N
P01236	166	1rw5	A	-1	138	H	A	4	20889499	-0.39	N
P13726	47	1boy	A	2.2	15	K	A	4	7654692	-0.4	N
P04049	65	1rfa	A	-1	65	K	A	5	15236966	-0.4	N
P62593	237	1zg4	A	1.55	240	E	K	2	27956635	-0.41	N
P01033	27	1d2b	A	-1	4	V	A	1	12515831	-0.41	N
P68036	93	6xxu	A	-1	93	E	A	6	17433363	-0.43	N
P0CG48	647	2k25	A	-1	47	D	A	5	10518943	-0.43	N
P01391	38	1ctx	A	2.8	38	D	L	6	10852927	-0.46	N
P01033	45	1d2b	A	-1	22	K	A	7	9268350	-0.47	N
P04049	64	1rfa	A	-1	64	N	A	9	15236966	-0.5	N
P62593	214	1zg4	A	1.55	216	V	A	9	24947275	-0.59	N
P62593	169	1zg4	A	1.55	171	E	K	7	27956635	-0.6	N
P48551	103	1n6u	A	-1	76	H	A	1	21854986	-0.6	N
P04049	71	1rfa	A	-1	71	N	R	5	20361980	-0.69	N
Q13241	158	1b6e	A	2.6	158	N	A	3	18083576	-0.7	N
P00648	101	1bnr	A	-1	54	D	A	9	8494892	-0.8	N
P01236	58	1rw5	A	-1	30	H	A	5	20889499	-0.87	N
P0CG48	650	2k25	A	-1	50	R	L	5	10518943	-0.89	N
P62593	214	1zg4	A	1.55	216	V	A	9	17070843	-0.93	N
P68036	93	6xxu	A	-1	93	E	R	6	17433363	-1	N
P04049	85	1rfa	A	-1	85	A	K	8	20361980	-1.1	N
Q99816	141	1kpp	A	-1	141	V	A	9	12006492	-1.39	N
P62593	98	1zg4	A	1.55	100	N	A	1	24947275	-1.5	N
Q99816	88	1kpp	A	-1	88	F	A	4	12006492	-1.65	N
Q99816	45	1kpp	A	-1	45	N	A	6	12006492	-1.77	N
Q99816	44	1kpp	A	-1	44	F	A	7	12006492	-1.86	N
Q99816	75	1kpp	A	-1	75	W	A	8	12006492	-1.86	N
Q99816	43	1kpp	A	-1	43	V	A	7	12006492	-1.92	N
Q99816	89	1kpp	A	-1	89	V	A	9	12006492	-2.05	N
Q99816	46	1kpp	A	-1	46	D	A	7	12006492	-2.05	N
Q99816	45	1kpp	A	-1	45	N	A	6	12006492	-2.55	N
Q99816	46	1kpp	A	-1	46	D	A	7	12006492	-2.81	N
Q99816	88	1kpp	A	-1	88	F	A	4	12006492	-3	N
Q99816	43	1kpp	A	-1	43	V	A	7	12006492	-3.1	N
Q99816	75	1kpp	A	-1	75	W	A	8	12006492	-3.48	N
Q99816	141	1kpp	A	-1	141	V	A	9	12006492	-3.56	N
Q99816	44	1kpp	A	-1	44	F	A	7	12006492	-3.56	N
Q99816	89	1kpp	A	-1	89	V	A	9	12006492	-3.76	N
Q99816	63	1kpp	A	-1	63	Y	A	6	12006492	-3.82	N
